"abbrev","category","term","p.value","adj.p.value","p.fdr"
"AAA","STR","Cocaine1d",0.0103736472860516,0.00993386729989842,0.0753486163237622
"ACAd1","CTXpl","Cocaine1d",0.833558536425458,0.75426905896693,0.78724256974144
"ACAd2/3","CTXpl","Cocaine1d",0.892004903734905,0.621925311047507,0.663618627989239
"ACAd5","CTXpl","Cocaine1d",0.500727104662025,0.385324168563519,0.4575418434984
"ACAd6a","CTXpl","Cocaine1d",0.0249016789706739,0.0233798043900731,0.112203737317599
"ACAd6b","CTXpl","Cocaine1d",0.00127936735574144,0.00125628050454007,0.0342785109095935
"ACAv1","CTXpl","Cocaine1d",0.612462073805601,0.848595141609106,0.872557156186206
"ACAv2/3","CTXpl","Cocaine1d",0.503838773971258,0.388601808460107,0.458970511727053
"ACAv5","CTXpl","Cocaine1d",0.625958044404179,0.459182294438313,0.526749659085392
"ACAv6a","CTXpl","Cocaine1d",0.0723173436313875,0.0653627615111193,0.156053593107797
"ACAv6b","CTXpl","Cocaine1d",0.0036303900654791,0.00353036064554035,0.058634685504192
"ACB","STR","Cocaine1d",0.0076738233030618,0.00738641997211853,0.070540310733732
"AD","TH","Cocaine1d",0.211015908052152,0.17847106287296,0.269470142361545
"ADP","HY","Cocaine1d",0.797879875256032,0.555739421985984,0.60310357726888
"AHN","HY","Cocaine1d",0.0382375070430652,0.0350545298036528,0.123919013739161
"AIp1","CTXpl","Cocaine1d",0.0811329170229117,0.0729333200500505,0.164944959847902
"AIp2/3","CTXpl","Cocaine1d",0.180145708131292,0.154270206248941,0.244527878784629
"AIp5","CTXpl","Cocaine1d",0.1596362582043,0.137910929600594,0.227077478911323
"AIp6a","CTXpl","Cocaine1d",0.274272595828386,0.226607263998168,0.31328346608301
"AIv1","CTXpl","Cocaine1d",0.0103530294806545,0.00991462965296919,0.0753486163237622
"AIv2/3","CTXpl","Cocaine1d",0.106592947041022,0.0944591746542223,0.186960646206803
"AIv5","CTXpl","Cocaine1d",0.0586449870902326,0.0534895216709672,0.144709754307253
"AIv6a","CTXpl","Cocaine1d",0.0765769610629146,0.0690196600561084,0.161751595959714
"AM","TH","Cocaine1d",0.367446449984946,0.290298939906134,0.368419252638349
"AOBgl","OLF","Cocaine1d",0.286355101212795,0.23042777307467,0.316529081585865
"AOBgr","OLF","Cocaine1d",0.552369227359742,0.410109692429516,0.478644207611033
"AOBmi","OLF","Cocaine1d",0.45306292359712,0.351673049874733,0.427831544752063
"AON","OLF","Cocaine1d",0.177523096138014,0.152193630008803,0.242241527764011
"APN","MB","Cocaine1d",0.439867749930199,0.344589903087879,0.423128699044018
"ARH","HY","Cocaine1d",0.00143767351761267,0.00139806523230601,0.0356040612493931
"ASO","HY","Cocaine1d",0.366902304734732,0.283803174085769,0.365026304716376
"AT","MB","Cocaine1d",0.965253769379418,0.669259774076853,0.704289899992721
"AUDd1","CTXpl","Cocaine1d",0.00290843474436378,0.00283519816375366,0.0515736046930428
"AUDd2/3","CTXpl","Cocaine1d",0.0922631167019927,0.0824050341273577,0.172960016684894
"AUDd4","CTXpl","Cocaine1d",0.145133228938314,0.126208225546717,0.218151774474416
"AUDd5","CTXpl","Cocaine1d",0.028659158564936,0.0268032021092993,0.117865350578097
"AUDd6a","CTXpl","Cocaine1d",0.00244006190935692,0.00238290599353008,0.0491980741504222
"AUDd6b","CTXpl","Cocaine1d",0.00177563605877921,0.00173907065355194,0.0408808287777106
"AUDp1","CTXpl","Cocaine1d",0.00119386247490158,0.00117569305332865,0.0342785109095935
"AUDp2/3","CTXpl","Cocaine1d",0.136504000132057,0.119179484060426,0.214747938259825
"AUDp4","CTXpl","Cocaine1d",0.147274423951011,0.127941781809637,0.219164845969872
"AUDp5","CTXpl","Cocaine1d",0.00846729030480111,0.00813715342541033,0.0724576728620397
"AUDp6a","CTXpl","Cocaine1d",0.00573077610236601,0.00554044752518401,0.0661390923318841
"AUDp6b","CTXpl","Cocaine1d",0.000872609578871039,0.000859101894863712,0.0342785109095935
"AUDpo1","CTXpl","Cocaine1d",6.8795187977802e-05,6.84704461396679e-05,0.00523114208507063
"AUDpo2/3","CTXpl","Cocaine1d",0.0293533579610224,0.0274298890401914,0.117865350578097
"AUDpo4","CTXpl","Cocaine1d",0.0292369204730607,0.0273238008676991,0.117865350578097
"AUDpo5","CTXpl","Cocaine1d",0.0322780682799553,0.0300762577421292,0.123919013739161
"AUDpo6a","CTXpl","Cocaine1d",0.00267586232110251,0.002610422220653,0.0498590644144722
"AUDpo6b","CTXpl","Cocaine1d",0.252303349410886,0.210087049094868,0.302842463223545
"AUDv1","CTXpl","Cocaine1d",0.00862753227452695,0.00832137975026292,0.0724576728620397
"AUDv2/3","CTXpl","Cocaine1d",0.336577693270907,0.272296109992594,0.35717317986214
"AUDv4","CTXpl","Cocaine1d",0.247778394400104,0.206681697871662,0.300199272193821
"AUDv5","CTXpl","Cocaine1d",0.0589876371059835,0.0537926311822774,0.144709754307253
"AUDv6a","CTXpl","Cocaine1d",0.0492104872807667,0.0452005740096802,0.137036660886491
"AUDv6b","CTXpl","Cocaine1d",0.0204064934414636,0.0192604720104559,0.105607456032914
"AV","TH","Cocaine1d",0.349045740091737,0.281240244465869,0.363178633472216
"AVP","HY","Cocaine1d",0.283009233316653,0.225933819747606,0.31328346608301
"AVPV","HY","Cocaine1d",0.463788277886951,0.345592026444329,0.423128699044018
"B","P","Cocaine1d",0.360867369199239,0.280496229882321,0.363178633472216
"BA","STR","Cocaine1d",0.0813011989193291,0.0730774481885766,0.164944959847902
"BAC","PAL","Cocaine1d",0.166470395497045,0.137258079700767,0.227077478911323
"BLAa","CTXsp","Cocaine1d",0.0563596035805938,0.0514909065211769,0.142532799210794
"BLAp","CTXsp","Cocaine1d",0.0199483416127293,0.0188383236921634,0.105607456032914
"BLAv","CTXsp","Cocaine1d",0.138208617390031,0.120570442329106,0.214816456227718
"BMA","CTXsp","Cocaine1d",0.0285010307626255,0.0266587818612782,0.117865350578097
"BST","PAL","Cocaine1d",0.0264605236675402,0.0245515978498568,0.11532177443018
"CA1","HPF","Cocaine1d",0.0376568130221564,0.0349182760978559,0.123919013739161
"CA2","HPF","Cocaine1d",0.101241634477738,0.0899753997789969,0.181855040823158
"CA3","HPF","Cocaine1d",0.0854651406620945,0.0766301383024575,0.166322231997379
"CEA","STR","Cocaine1d",0.0890845452642789,0.0797068151032014,0.171056198704623
"CL","TH","Cocaine1d",0.501252864129321,0.385676632477709,0.4575418434984
"CLA","CTXsp","Cocaine1d",0.490855852114903,0.378808437557854,0.455046613670126
"CLI","MB","Cocaine1d",0.406805682999329,0.904093814695106,0.920970232569414
"CM","TH","Cocaine1d",0.430897938900334,0.903919115041061,0.920970232569414
"COAa","OLF","Cocaine1d",0.203325369527983,0.172492521412655,0.26402524042053
"COAp","OLF","Cocaine1d",0.00638191558861157,0.00616039194354312,0.0692138153656903
"CP","STR","Cocaine1d",0.0679750955718272,0.0616106013138544,0.15550333730719
"CS","P","Cocaine1d",0.507341284168602,0.381413784854017,0.455312705669483
"CUN","MB","Cocaine1d",0.143274251208057,0.125630631826238,0.218140460716468
"DG-mo","HPF","Cocaine1d",0.0237056665484772,0.0222875026227459,0.109792474142287
"DG-po","HPF","Cocaine1d",0.240612288996933,0.201228448567551,0.296792538041717
"DG-sg","HPF","Cocaine1d",0.0720976286917256,0.0651730006368531,0.156053593107797
"DMH","HY","Cocaine1d",0.00622627204654616,0.00593841943677698,0.0687417037832971
"DP","OLF","Cocaine1d",0.625255540131176,0.833506152852075,0.862870868264207
"DTN","P","Cocaine1d",0.195552134558471,0.164871345073291,0.256019730967468
"ECT1","CTXpl","Cocaine1d",0.034466690924895,0.032051745857687,0.123919013739161
"ECT2/3","CTXpl","Cocaine1d",0.0910117750711807,0.0813438902190465,0.172629811464865
"ECT5","CTXpl","Cocaine1d",0.0445769551311077,0.0410948384057372,0.131917884630182
"ECT6a","CTXpl","Cocaine1d",0.0638924175062843,0.0580683563707567,0.1529800836802
"ECT6b","CTXpl","Cocaine1d",0.0682783056196408,0.0618756734834892,0.15550333730719
"ENTl","HPF","Cocaine1d",0.0264079892426019,0.0247549358724469,0.11532177443018
"ENTm","HPF","Cocaine1d",0.246786163247447,0.205928778720411,0.300199272193821
"ENTmv","HPF","Cocaine1d",0.00550470869425812,0.00532488235858075,0.065616292289608
"Epd","CTXsp","Cocaine1d",0.146858394589547,0.127602776818053,0.219164845969872
"Epv","CTXsp","Cocaine1d",0.0130529117744707,0.0124443195650868,0.0819608633424685
"FC","HPF","Cocaine1d",0.0906532249507596,0.0823175917489681,0.172960016684894
"FF","HY","Cocaine1d",0.070291921680887,0.0636157384564112,0.156053593107797
"FRP1","CTXpl","Cocaine1d",0.199026803256551,0.170454235940066,0.262554508585102
"FRP2/3","CTXpl","Cocaine1d",0.206744698810511,0.176523379804969,0.267587028117056
"FS","STR","Cocaine1d",0.00977806511105372,0.00937347802000854,0.0745972625759013
"GPe","PAL","Cocaine1d",0.0557882533260244,0.0509913209773289,0.142180179659414
"GPi","PAL","Cocaine1d",0.216776110795645,0.182939151492705,0.271917338016395
"GU1","CTXpl","Cocaine1d",0.0230155610816002,0.0216563032165906,0.108851418799179
"GU2/3","CTXpl","Cocaine1d",0.135957682145226,0.11873380068252,0.214747938259825
"GU4","CTXpl","Cocaine1d",0.0658817408145421,0.0597975278595139,0.154200981752645
"GU5","CTXpl","Cocaine1d",0.114565196791626,0.101105465056098,0.195885823429776
"GU6a","CTXpl","Cocaine1d",0.118208818353154,0.104128359008449,0.198885165706138
"GU6b","CTXpl","Cocaine1d",0.0420961810480338,0.0388871221504742,0.129172875317227
"IA","STR","Cocaine1d",0.00669470983866591,0.00645772598494898,0.0704814664643003
"IAD","TH","Cocaine1d",0.947115637619055,0.639814867187731,0.677318350982357
"IC","MB","Cocaine1d",0.456672141155071,0.355962134348806,0.431674715305536
"IGL","TH","Cocaine1d",0.621683137191355,0.462495844852002,0.528962313573248
"ILA2/3","CTXpl","Cocaine1d",0.0334780107399506,0.997355813720318,0.99997354551486
"ILA5","CTXpl","Cocaine1d",0.502121394332816,0.878983537337814,0.900192255396904
"ILA6a","CTXpl","Cocaine1d",0.636879047141977,0.471846618650851,0.536444667632812
"ILA6b","CTXpl","Cocaine1d",0.139307307800399,0.119873579222864,0.214816456227718
"INC","MB","Cocaine1d",0.788886171931166,0.55071854151205,0.601069951021723
"IPN","MB","Cocaine1d",0.580464152216385,0.427712841568443,0.496614910270959
"IV","MB","Cocaine1d",0.706194497671678,0.507205850768259,0.561601840560796
"LA","CTXsp","Cocaine1d",0.152647801278895,0.132286760060856,0.222614723979062
"LD","TH","Cocaine1d",0.948462934387765,0.699009987275596,0.733576415217795
"LDT","P","Cocaine1d",0.425447434396258,0.332953048335621,0.411611859107466
"LGd","TH","Cocaine1d",0.280403160475803,0.231182234980252,0.316529081585865
"LGv","TH","Cocaine1d",0.159580731658564,0.137871457108777,0.227077478911323
"LH","TH","Cocaine1d",0.78507966324718,0.552506377411273,0.601303236954719
"LHA","HY","Cocaine1d",0.00753352249351506,0.00725356926349841,0.070540310733732
"LM","HY","Cocaine1d",0.247196441485169,0.203415251913132,0.297780373991106
"LP","TH","Cocaine1d",0.349290816499593,0.281415904470618,0.363178633472216
"LPO","HY","Cocaine1d",0.047681093249998,0.0438472159641459,0.137036660886491
"LSc","STR","Cocaine1d",0.425147925298189,0.329987214890244,0.409269857428809
"LSr","STR","Cocaine1d",0.805485616534349,0.563919808897838,0.610247498580664
"LSv","STR","Cocaine1d",0.311712955930036,0.250763607426341,0.334936007121896
"LT","MB","Cocaine1d",0.535958154191157,0.396331764408268,0.46441329449067
"MA","PAL","Cocaine1d",0.0550028694353928,0.0503018366402394,0.141913259560852
"MD","TH","Cocaine1d",0.868299409014999,0.598301690287535,0.641997881151231
"MEA","STR","Cocaine1d",0.033583948433826,0.0312569307572566,0.123919013739161
"MEPO","HY","Cocaine1d",0.597704305193915,0.849715345814839,0.872557156186206
"MEV","MB","Cocaine1d",0.0712584046096015,0.0648798763883998,0.156053593107797
"MG","TH","Cocaine1d",0.641264630452196,0.474528580498771,0.537892931010477
"MH","TH","Cocaine1d",0.607733881765596,0.449179624725532,0.518388569924934
"MM","HY","Cocaine1d",0.0834925704509231,0.0728367285113396,0.164944959847902
"MOB","OLF","Cocaine1d",0.40658149451078,0.324238269151067,0.403449572689602
"MOp1","CTXpl","Cocaine1d",0.0695286585868753,0.0629570111991132,0.156053593107797
"MOp2/3","CTXpl","Cocaine1d",0.0388721750913622,0.03600788095562,0.123919013739161
"MOp5","CTXpl","Cocaine1d",0.0883740591894035,0.079106321464113,0.170726637284131
"MOp6a","CTXpl","Cocaine1d",0.0431358713461841,0.0398131592966009,0.129988263686338
"MOp6b","CTXpl","Cocaine1d",0.0487569843389998,0.0448005291153943,0.137036660886491
"MOs1","CTXpl","Cocaine1d",0.0512278320115485,0.0469800624390031,0.137617152654077
"MOs2/3","CTXpl","Cocaine1d",0.0226208500591245,0.0212941657098147,0.108458284015323
"MOs5","CTXpl","Cocaine1d",0.149221726149694,0.129516031517342,0.21988944017611
"MOs6a","CTXpl","Cocaine1d",0.0187402230041366,0.0177237745030696,0.105607456032914
"MOs6b","CTXpl","Cocaine1d",0.00475636186488982,0.00461008980010724,0.0607260104703782
"MPN","HY","Cocaine1d",0.0123702452907472,0.0116381679930192,0.0819608633424685
"MPO","HY","Cocaine1d",0.1422110448996,0.122199102910433,0.215115471482883
"MPT","MB","Cocaine1d",0.827431175752239,0.567842409639247,0.612756498537267
"MRN","MB","Cocaine1d",0.174536342629671,0.149822797052504,0.240125911388906
"MS","PAL","Cocaine1d",0.614570635080937,0.838835781861625,0.866041266678759
"NB","MB","Cocaine1d",0.270849402991053,0.224056719962955,0.31328346608301
"ND","MB","Cocaine1d",0.700299877979159,0.500011503007186,0.555245331827748
"NDB","PAL","Cocaine1d",0.509382313992009,0.391017707699898,0.459596197973418
"NI","P","Cocaine1d",0.478485910322004,0.366606002990722,0.443175611210303
"NLL","P","Cocaine1d",0.185049244603381,0.159373133768341,0.250537189709902
"NLOT1","OLF","Cocaine1d",0.153433904697413,0.131158768257572,0.221693139267223
"NLOT3","OLF","Cocaine1d",0.0998631622045709,0.0888153510997527,0.180465234681412
"NOT","MB","Cocaine1d",0.65811585514573,0.484787562300109,0.544673084701888
"NPC","MB","Cocaine1d",0.266148316392754,0.220536716804746,0.31281698601702
"NTB","MY","Cocaine1d",0.126731218873731,0.110014968166057,0.204008339026378
"OP","MB","Cocaine1d",0.0353455193612447,0.032843208586266,0.123919013739161
"ORBl1","CTXpl","Cocaine1d",0.359971723527024,0.289038375456447,0.368419252638349
"ORBl2/3","CTXpl","Cocaine1d",0.572380233012636,0.431636826023643,0.499652325881914
"ORBl5","CTXpl","Cocaine1d",0.293148584418967,0.240608576145008,0.325198979799976
"ORBl6a","CTXpl","Cocaine1d",0.272389887663069,0.225186039241065,0.31328346608301
"ORBm1","CTXpl","Cocaine1d",3.83136835349186e-07,0.999999999450052,0.999999999450052
"ORBm2/3","CTXpl","Cocaine1d",0.0596463179778616,0.99369600195766,0.998925980915332
"ORBm5","CTXpl","Cocaine1d",0.996621368951994,0.664967959230428,0.701706520513877
"ORBm6a","CTXpl","Cocaine1d",0.745972764445941,0.53677608126483,0.587531412731132
"ORBvl1","CTXpl","Cocaine1d",0.848259025230274,0.594274352717723,0.639472683769494
"ORBvl2/3","CTXpl","Cocaine1d",0.370173378421609,0.29625901042639,0.373501458689376
"ORBvl5","CTXpl","Cocaine1d",0.169204791261258,0.145560293367627,0.236184944362864
"ORBvl6a","CTXpl","Cocaine1d",0.0662885723941029,0.0601464562333615,0.154200981752645
"ORBvl6b","CTXpl","Cocaine1d",0.0965114110994242,0.0835019319969841,0.174304579359825
"OT","STR","Cocaine1d",0.0705172121772343,0.0638092415594091,0.156053593107797
"PA","CTXsp","Cocaine1d",0.00440917713220072,0.00427763497390676,0.0607260104703782
"PAA","OLF","Cocaine1d",0.25167798453673,0.209634967316981,0.302842463223545
"PAG","MB","Cocaine1d",0.165338563276234,0.142485042493721,0.232603787318809
"PAR","HPF","Cocaine1d",0.215410302069105,0.181882885097411,0.271403367606293
"PB","P","Cocaine1d",0.232416538181679,0.196501578932185,0.290944198263933
"PBG","MB","Cocaine1d",0.184580945275274,0.159001370531283,0.250537189709902
"PCG","P","Cocaine1d",0.192233577145288,0.166597418162829,0.257652687199194
"PCN","TH","Cocaine1d",0.681233953704242,0.492476861751299,0.550076494704668
"PD","HY","Cocaine1d",0.314036601764061,0.24486786278831,0.329364519665966
"PERI1","CTXpl","Cocaine1d",0.127679250975387,0.111945678702374,0.205592544539937
"PERI2/3","CTXpl","Cocaine1d",0.127193639947762,0.111546948534989,0.205592544539937
"PERI5","CTXpl","Cocaine1d",0.0978916750978659,0.0871570525613381,0.178999968163608
"PERI6a","CTXpl","Cocaine1d",0.123955742318062,0.108879364486598,0.202887401140881
"PERI6b","CTXpl","Cocaine1d",0.169625823241919,0.145915305941455,0.236184944362864
"PF","TH","Cocaine1d",0.097201830155723,0.0865751738535823,0.178766034659829
"PG","P","Cocaine1d",0.45575694745729,0.350554889586941,0.427831544752063
"PH","HY","Cocaine1d",0.403612890111532,0.315316488160856,0.39492097861458
"PIR","OLF","Cocaine1d",0.0381789048095982,0.0353855230200864,0.123919013739161
"PL1","CTXpl","Cocaine1d",0.14247063086324,0.977826533409028,0.988173904132933
"PL2/3","CTXpl","Cocaine1d",0.143495983896848,0.981769226815949,0.989540487186524
"PL5","CTXpl","Cocaine1d",0.739074709991445,0.530238101509378,0.582042973495926
"PL6a","CTXpl","Cocaine1d",0.286902861230652,0.23600376559567,0.321976565919807
"PL6b","CTXpl","Cocaine1d",0.0610460377563936,0.0549363225215069,0.14675297344906
"PMd","HY","Cocaine1d",0.00745770553405206,0.00709013448562656,0.070540310733732
"PMv","HY","Cocaine1d",0.0205756810091537,0.0186272733684737,0.105607456032914
"PO","TH","Cocaine1d",0.316764330608629,0.25794739442234,0.342138557879632
"POL","TH","Cocaine1d",0.387316092343495,0.30831990565884,0.387428302505516
"POR","P","Cocaine1d",0.105201160348951,0.093716898409092,0.186457579126423
"POST","HPF","Cocaine1d",0.0337363683691016,0.0313947237173834,0.123919013739161
"PP","TH","Cocaine1d",0.261755949463614,0.217239357120597,0.309647143358464
"PPN","MB","Cocaine1d",0.0834778317673931,0.0754560509169838,0.164944959847902
"PPT","MB","Cocaine1d",0.212401401544092,0.179551415493812,0.270034018577307
"PR","TH","Cocaine1d",0.34288065573902,0.270755708366741,0.356650622745156
"PRC","MB","Cocaine1d",0.662721327292344,0.481434397656594,0.542501297654333
"PRE","HPF","Cocaine1d",0.05748982917102,0.0524814608227054,0.143232029417788
"PRNr","P","Cocaine1d",0.337586660778843,0.273022430679961,0.35717317986214
"PS","HY","Cocaine1d",0.28473545756942,0.22717151859946,0.31328346608301
"PST","HY","Cocaine1d",0.0379160271698902,0.0351506036172643,0.123919013739161
"PSTN","HY","Cocaine1d",0.11281756373437,0.0996507256458594,0.195885823429776
"PSV","P","Cocaine1d",0.403928311879276,0.322434224679515,0.402515927541094
"PT","TH","Cocaine1d",0.735889323131316,0.520652827576482,0.573168242461718
"PVH","HY","Cocaine1d",0.623930248758532,0.454426845638474,0.522864623596076
"PVp","HY","Cocaine1d",0.000491082008340256,0.000481771790527885,0.0262909748545217
"PVT","TH","Cocaine1d",0.353283668060344,0.924772157534238,0.937037040260156
"RCH","HY","Cocaine1d",0.0288722396028205,0.0267183045549854,0.117865350578097
"RE","TH","Cocaine1d",0.638537145784323,0.824759759524429,0.856136489506337
"RN","MB","Cocaine1d",0.623963513200912,0.463903856738398,0.528988875444979
"RPO","P","Cocaine1d",0.492971074685429,0.380028391329323,0.455081020337936
"RSPagl1","CTXpl","Cocaine1d",0.0795524279651731,0.0715294194017072,0.164944959847902
"RSPagl2/3","CTXpl","Cocaine1d",0.00893038482100083,0.00857308993731842,0.0724576728620397
"RSPagl5","CTXpl","Cocaine1d",0.0487901838878623,0.0448282581971901,0.137036660886491
"RSPagl6a","CTXpl","Cocaine1d",0.0386287897539478,0.035788910537125,0.123919013739161
"RSPagl6b","CTXpl","Cocaine1d",0.0206524933646857,0.0192909132101371,0.105607456032914
"RSPd1","CTXpl","Cocaine1d",0.327080889898269,0.26170449757831,0.345920823788631
"RSPd2/3","CTXpl","Cocaine1d",0.0125986964353261,0.0120191074891234,0.0819608633424685
"RSPd5","CTXpl","Cocaine1d",0.043799903642495,0.0404037179034474,0.130798476602686
"RSPd6a","CTXpl","Cocaine1d",0.0351797539500633,0.0326947069599069,0.123919013739161
"RSPd6b","CTXpl","Cocaine1d",0.00833493007744005,0.008012017631566,0.0724576728620397
"RSPv1","CTXpl","Cocaine1d",0.0839461540863301,0.0753204040587191,0.164944959847902
"RSPv2/3","CTXpl","Cocaine1d",0.175056009633562,0.150235845083635,0.240125911388906
"RSPv5","CTXpl","Cocaine1d",0.273289893130157,0.225883265959299,0.31328346608301
"RSPv6a","CTXpl","Cocaine1d",0.0681202106045937,0.0617382986468322,0.15550333730719
"RSPv6b","CTXpl","Cocaine1d",0.0660779398342773,0.0599685886935835,0.154200981752645
"RT","TH","Cocaine1d",0.170933869504603,0.14695756553984,0.236868312389109
"SAG","MB","Cocaine1d",0.0777707939558739,0.070534547798359,0.164293885725446
"SBPV","HY","Cocaine1d",0.157377838202271,0.133190813751026,0.223153030056544
"SCdg","MB","Cocaine1d",0.0217061231230721,0.0204548654654436,0.107986185592235
"SCdw","MB","Cocaine1d",0.0514691793593754,0.047193316747864,0.137617152654077
"SCH","HY","Cocaine1d",0.314842945111216,0.250451565687937,0.334936007121896
"SCig","MB","Cocaine1d",0.0841135537532853,0.0754778369921369,0.164944959847902
"SCiw","MB","Cocaine1d",0.0489278739064932,0.0449498469375283,0.137036660886491
"SCop","MB","Cocaine1d",0.122336859481786,0.107540414222238,0.201510619583905
"SCsg","MB","Cocaine1d",0.0514504419835855,0.0471756120971539,0.137617152654077
"SF","STR","Cocaine1d",0.486059104989483,0.370597122297622,0.446587068510068
"SGN","TH","Cocaine1d",0.883460270258834,0.613308759610575,0.656257552300391
"SI","PAL","Cocaine1d",0.0198027063741539,0.018704017689783,0.105607456032914
"SLC","P","Cocaine1d",0.0828899868671088,0.075563790506238,0.164944959847902
"SLD","P","Cocaine1d",0.29097307135166,0.240919663045532,0.325198979799976
"SMT","TH","Cocaine1d",0.896527858459589,0.712781490828723,0.745979532867321
"SNc","MB","Cocaine1d",0.0989136977568781,0.0880160555961179,0.179797503945011
"SNr","MB","Cocaine1d",0.0738778005716664,0.0667076539317627,0.157984482997149
"SO","HY","Cocaine1d",0.0618606934496303,0.0556375467433762,0.147594047610901
"SOCl","P","Cocaine1d",0.11800314809124,0.105631204079994,0.19975801959682
"SOCm","P","Cocaine1d",0.359105469064354,0.289854342345731,0.368419252638349
"SPA","TH","Cocaine1d",0.944943073222549,0.640083572525211,0.677318350982357
"SPFm","TH","Cocaine1d",0.553740428988891,0.41098246098539,0.478644207611033
"SPFp","TH","Cocaine1d",0.213460645793404,0.180373506223041,0.270206585792948
"SSp-bfd1","CTXpl","Cocaine1d",0.0162356652109109,0.0154058685344859,0.0964760947569444
"SSp-bfd2/3","CTXpl","Cocaine1d",0.035840682242453,0.033289008532185,0.123919013739161
"SSp-bfd4","CTXpl","Cocaine1d",0.0536485620543968,0.0491114314168454,0.140474228704607
"SSp-bfd5","CTXpl","Cocaine1d",0.0283493525937899,0.0265214948847939,0.117865350578097
"SSp-bfd6a","CTXpl","Cocaine1d",0.0504546423238255,0.0462988718723559,0.137617152654077
"SSp-bfd6b","CTXpl","Cocaine1d",0.00692694954973339,0.00667841607128528,0.070540310733732
"SSp-ll1","CTXpl","Cocaine1d",0.0538369746564682,0.0492763001215115,0.140474228704607
"SSp-ll2/3","CTXpl","Cocaine1d",0.00932296408111379,0.00894478679944755,0.0727001820721056
"SSp-ll4","CTXpl","Cocaine1d",0.021588088147279,0.0203463674788887,0.107986185592235
"SSp-ll5","CTXpl","Cocaine1d",0.0454678124279454,0.0418856311486265,0.133335925823128
"SSp-ll6a","CTXpl","Cocaine1d",0.0352687256395542,0.0327734250742726,0.123919013739161
"SSp-ll6b","CTXpl","Cocaine1d",0.122420816830055,0.107613001034337,0.201510619583905
"SSp-m1","CTXpl","Cocaine1d",0.203709728600438,0.172791387709771,0.26402524042053
"SSp-m2/3","CTXpl","Cocaine1d",0.0468149669757646,0.0430809396934254,0.136007594734616
"SSp-m4","CTXpl","Cocaine1d",0.14310773732192,0.124560428715108,0.218140460716468
"SSp-m5","CTXpl","Cocaine1d",0.115052741847528,0.10151093492772,0.195885823429776
"SSp-m6a","CTXpl","Cocaine1d",0.117246409099952,0.103328478879407,0.198349140361475
"SSp-m6b","CTXpl","Cocaine1d",0.273351259628905,0.225929430845894,0.31328346608301
"SSp-n1","CTXpl","Cocaine1d",0.191097726391263,0.162913354297619,0.254011842210981
"SSp-n2/3","CTXpl","Cocaine1d",0.0159577168737576,0.0151491332841622,0.0964494819091662
"SSp-n4","CTXpl","Cocaine1d",0.00749082201242729,0.00721324599972961,0.070540310733732
"SSp-n5","CTXpl","Cocaine1d",0.000653948043542554,0.000644935391150403,0.0307956649274317
"SSp-n6a","CTXpl","Cocaine1d",0.00543590915517327,0.00525925829598473,0.065616292289608
"SSp-n6b","CTXpl","Cocaine1d",0.0900224053502859,0.0805053845272361,0.171804787091644
"SSp-tr1","CTXpl","Cocaine1d",0.133552934330472,0.116747775720741,0.212369763453919
"SSp-tr2/3","CTXpl","Cocaine1d",0.0373240989733838,0.0346199873513821,0.123919013739161
"SSp-tr4","CTXpl","Cocaine1d",0.0106409338236884,0.0101850054473652,0.0753486163237622
"SSp-tr5","CTXpl","Cocaine1d",0.00444874314383874,0.00431560293031663,0.0607260104703782
"SSp-tr6a","CTXpl","Cocaine1d",0.00909026727413505,0.00872526950694719,0.0724576728620397
"SSp-tr6b","CTXpl","Cocaine1d",0.0301728559941702,0.028175132626057,0.11827363366103
"SSp-ul1","CTXpl","Cocaine1d",0.243538265032591,0.203457271234761,0.297780373991106
"SSp-ul2/3","CTXpl","Cocaine1d",0.0293843300970782,0.0274607753964676,0.117865350578097
"SSp-ul4","CTXpl","Cocaine1d",0.0339669568817201,0.0316028717774961,0.123919013739161
"SSp-ul5","CTXpl","Cocaine1d",0.0177508036709005,0.0168104445065512,0.103482278924928
"SSp-ul6a","CTXpl","Cocaine1d",0.0373072781023267,0.0346050749990964,0.123919013739161
"SSp-ul6b","CTXpl","Cocaine1d",0.0805473364781386,0.0724343064801162,0.164944959847902
"SSs1","CTXpl","Cocaine1d",0.0326700282957099,0.0304316753582869,0.123919013739161
"SSs2/3","CTXpl","Cocaine1d",0.0962337297789399,0.0857581041502946,0.178041281442459
"SSs4","CTXpl","Cocaine1d",0.0552571122851311,0.0505240924090991,0.141913259560852
"SSs5","CTXpl","Cocaine1d",0.0369106625667377,0.0342480537652031,0.123919013739161
"SSs6a","CTXpl","Cocaine1d",0.0205079036630506,0.019352151629068,0.105607456032914
"SSs6b","CTXpl","Cocaine1d",0.0828794795810058,0.0744235417265907,0.164944959847902
"STN","HY","Cocaine1d",0.205150637616515,0.173913412290923,0.26468097010013
"SUB","HPF","Cocaine1d",0.0364127688529962,0.0338022973420223,0.123919013739161
"SubG","TH","Cocaine1d",0.260460411313814,0.216267025505594,0.309415744356318
"SUM","HY","Cocaine1d",0.141300009643004,0.121466896715149,0.214816456227718
"SUT","P","Cocaine1d",0.43422891698133,0.34343613617291,0.423128699044018
"TEa1","CTXpl","Cocaine1d",1.56521542621987e-06,1.56364925585351e-06,0.000597314015736039
"TEa2/3","CTXpl","Cocaine1d",0.0520474876028961,0.0477024930735074,0.138048123894544
"TEa4","CTXpl","Cocaine1d",0.119714026643452,0.10537368224753,0.19975801959682
"TEa5","CTXpl","Cocaine1d",0.0250299024202262,0.0234981648832668,0.112203737317599
"TEa6a","CTXpl","Cocaine1d",0.022211706856712,0.020918789879124,0.107986185592235
"TEa6b","CTXpl","Cocaine1d",0.0124918064318926,0.0119200839396584,0.0819608633424685
"TMd","HY","Cocaine1d",0.0871890361581735,0.0736747441312877,0.164944959847902
"TMv","HY","Cocaine1d",0.0118505591402794,0.0112225730491934,0.0808872246187146
"TR","OLF","Cocaine1d",0.0158404632316627,0.0150400114455022,0.0964494819091662
"TRN","P","Cocaine1d",0.514737727247973,0.389283889527658,0.458970511727053
"TRS","PAL","Cocaine1d",0.722230145310544,0.512771319488112,0.566123248683406
"TT","OLF","Cocaine1d",0.744288892371996,0.785025668679993,0.817111186473453
"TU","HY","Cocaine1d",0.00362819824740111,0.00350514593232021,0.058634685504192
"V","P","Cocaine1d",0.660337350288607,0.489717508296194,0.548598499029754
"VAL","TH","Cocaine1d",0.646912265317118,0.477978563805507,0.540200625365988
"VCO","MY","Cocaine1d",0.437291474149275,0.908306436196841,0.92280068783828
"VISal1","CTXpl","Cocaine1d",0.000471959180218063,0.000466211816841033,0.0262909748545217
"VISal2/3","CTXpl","Cocaine1d",0.104994980050933,0.0931225849147458,0.186245169829492
"VISal4","CTXpl","Cocaine1d",0.355944728275311,0.286164037847042,0.366827726367684
"VISal5","CTXpl","Cocaine1d",0.114690592286971,0.101209668802913,0.195885823429776
"VISal6a","CTXpl","Cocaine1d",0.367406593183777,0.294305438229391,0.372267143720621
"VISal6b","CTXpl","Cocaine1d",0.133309238890625,0.116565610142197,0.212369763453919
"VISam2/3","CTXpl","Cocaine1d",0.00388096521196009,0.00377089747972881,0.0600201182190169
"VISam4","CTXpl","Cocaine1d",0.010717202136023,0.0102568797089938,0.0753486163237622
"VISam5","CTXpl","Cocaine1d",0.00883225985497493,0.00848196532085532,0.0724576728620397
"VISam6a","CTXpl","Cocaine1d",0.00431976259507417,0.00419199419334493,0.0607260104703782
"VISam6b","CTXpl","Cocaine1d",0.0220171623302782,0.0207402460048397,0.107986185592235
"VISC1","CTXpl","Cocaine1d",0.0404524552996069,0.0374190061197418,0.126103874762937
"VISC2/3","CTXpl","Cocaine1d",0.291638311885522,0.239511294411983,0.325198979799976
"VISC4","CTXpl","Cocaine1d",0.148024934765666,0.128549740881812,0.219223218825233
"VISC5","CTXpl","Cocaine1d",0.0742165433420273,0.0669986550930319,0.157984482997149
"VISC6a","CTXpl","Cocaine1d",0.103687334254437,0.0920260947261845,0.185020885186329
"VISC6b","CTXpl","Cocaine1d",0.115079367473247,0.101532442510721,0.195885823429776
"VISl1","CTXpl","Cocaine1d",2.19092917472894e-05,2.18297838905368e-05,0.00277965914872835
"VISl2/3","CTXpl","Cocaine1d",0.0128988188432024,0.0123004024589927,0.0819608633424685
"VISl4","CTXpl","Cocaine1d",0.0238486837478591,0.0224183585944985,0.109792474142287
"VISl5","CTXpl","Cocaine1d",0.0180278508365676,0.0170664491420692,0.103482278924928
"VISl6a","CTXpl","Cocaine1d",0.138787619631788,0.121042378866849,0.214816456227718
"VISl6b","CTXpl","Cocaine1d",0.159040765347192,0.137437026985755,0.227077478911323
"VISp1","CTXpl","Cocaine1d",4.30623489381982e-05,4.28585974647788e-05,0.00409299605788638
"VISp2/3","CTXpl","Cocaine1d",0.00107090200959598,0.00105289567663669,0.0342785109095935
"VISp4","CTXpl","Cocaine1d",0.00250644284883364,0.00244702463051838,0.0491980741504222
"VISp5","CTXpl","Cocaine1d",0.00185831736640115,0.0018193038984845,0.0408808287777106
"VISp6a","CTXpl","Cocaine1d",0.0297428083240657,0.0277855701426902,0.117934308827863
"VISp6b","CTXpl","Cocaine1d",0.0644147503173885,0.0585230593624236,0.15312197723593
"VISpl1","CTXpl","Cocaine1d",4.76413563510139e-06,4.75680841771631e-06,0.000908550407783815
"VISpl2/3","CTXpl","Cocaine1d",0.00112839970410335,0.00111176063496565,0.0342785109095935
"VISpl4","CTXpl","Cocaine1d",0.0404371920023977,0.0376330935156408,0.126103874762937
"VISpl5","CTXpl","Cocaine1d",0.144028666642242,0.125309450837434,0.218140460716468
"VISpl6a","CTXpl","Cocaine1d",0.266895787307343,0.22110101105915,0.31281698601702
"VISpl6b","CTXpl","Cocaine1d",0.675939638684555,0.495529056487609,0.551872010432264
"VISpm1","CTXpl","Cocaine1d",0.00116776665132694,0.00112626642751712,0.0342785109095935
"VISpm2/3","CTXpl","Cocaine1d",0.00467519217721034,0.00453218124026766,0.0607260104703782
"VISpm4","CTXpl","Cocaine1d",0.0392801917713823,0.0363728496170932,0.124057397801157
"VISpm5","CTXpl","Cocaine1d",0.0719418693758859,0.0650405959667872,0.156053593107797
"VISpm6a","CTXpl","Cocaine1d",0.0719575222608569,0.0650541238057643,0.156053593107797
"VISpm6b","CTXpl","Cocaine1d",0.188625883841547,0.160973515994516,0.252015914384856
"VLPO","HY","Cocaine1d",0.0591601792412062,0.0524934139227495,0.143232029417788
"VM","TH","Cocaine1d",0.258586927314653,0.214853096187756,0.308548431367379
"VMH","HY","Cocaine1d",0.0433372634478323,0.0395486616474845,0.129988263686338
"VPL","TH","Cocaine1d",0.16133245833061,0.139281302457976,0.228349603171445
"VPM","TH","Cocaine1d",0.308770136068192,0.252114197024552,0.335566631579717
"VTA","MB","Cocaine1d",0.340071897177888,0.274809259366833,0.35828374429396
"VTN","MB","Cocaine1d",0.94443584953828,0.633434187712241,0.674016322301048
"ZI","HY","Cocaine1d",0.050413512328474,0.0462627312594329,0.137617152654077
"AAA","STR","Cocaine7d",0.00365941177702709,0.00355826221929401,0.0135092150947144
"ACAd1","CTXpl","Cocaine7d",0.907300691431964,0.627641462557925,0.655079340702533
"ACAd2/3","CTXpl","Cocaine7d",0.212704168130368,0.181195468346334,0.225461462242018
"ACAd5","CTXpl","Cocaine7d",0.0422431917929647,0.0390180248601164,0.0686861082790989
"ACAd6a","CTXpl","Cocaine7d",0.00533550418178171,0.00516329106968361,0.0171511059879925
"ACAd6b","CTXpl","Cocaine7d",0.00533117900425471,0.00515940715012642,0.0171511059879925
"ACAv1","CTXpl","Cocaine7d",0.703680223888708,0.516672643538618,0.551309915731151
"ACAv2/3","CTXpl","Cocaine7d",0.458288548829017,0.358201526209839,0.403637118029966
"ACAv5","CTXpl","Cocaine7d",0.212084654537007,0.176866733862063,0.221518335525601
"ACAv6a","CTXpl","Cocaine7d",0.0131930480808914,0.0125751645788138,0.0297740500558338
"ACAv6b","CTXpl","Cocaine7d",0.0045607000111416,0.00442277463182872,0.0155503187149839
"ACB","STR","Cocaine7d",0.000195758855694965,0.000194088863076258,0.00276398619256353
"AD","TH","Cocaine7d",3.48716633985451e-05,3.47213131429713e-05,0.000947395830043932
"ADP","HY","Cocaine7d",0.228681597702269,0.187910764422126,0.233058155874195
"AHN","HY","Cocaine7d",0.0603296425571597,0.0543197457228194,0.0864589286088209
"AIp1","CTXpl","Cocaine7d",0.0309672226314761,0.0288945264207708,0.0549139755857436
"AIp2/3","CTXpl","Cocaine7d",0.00968798959016736,0.00928875327361356,0.0248355835682371
"AIp5","CTXpl","Cocaine7d",0.00333959515977731,0.00325065463469487,0.0128015471180767
"AIp6a","CTXpl","Cocaine7d",0.00294133233897063,0.00286694995759218,0.0116507966361725
"AIv1","CTXpl","Cocaine7d",0.00837014066990961,0.00804550091661993,0.0227657877788801
"AIv2/3","CTXpl","Cocaine7d",0.0194998735056776,0.0184253670549797,0.0394523104720062
"AIv5","CTXpl","Cocaine7d",0.000890898870263699,0.000876977763527353,0.00604376021197051
"AIv6a","CTXpl","Cocaine7d",0.000511590131650347,0.000505177920643751,0.00428839923746473
"AM","TH","Cocaine7d",0.0558903111896936,0.0504900328305695,0.0824238997490494
"AOBgl","OLF","Cocaine7d",0.821104327487989,0.747498613277092,0.76553477284678
"AOBgr","OLF","Cocaine7d",0.14908186605242,0.126653402675191,0.168577002863843
"AOBmi","OLF","Cocaine7d",0.546643871569878,0.413071906270614,0.456777707489211
"AON","OLF","Cocaine7d",0.0137029234365301,0.0130511119936185,0.0305860416046765
"APN","MB","Cocaine7d",0.153144596872059,0.132690812366809,0.175390623958896
"ARH","HY","Cocaine7d",0.315899367823468,0.251612610025972,0.294834408067243
"ASO","HY","Cocaine7d",0.133372523879613,0.112708179663562,0.154317292585952
"AT","MB","Cocaine7d",0.895840361608756,0.598557639649866,0.628156643808376
"AUDd1","CTXpl","Cocaine7d",0.0123836776488997,0.0118185979413045,0.028461286976911
"AUDd2/3","CTXpl","Cocaine7d",0.067681538927825,0.06135913693325,0.0945128641471835
"AUDd4","CTXpl","Cocaine7d",0.00433972896649891,0.00421124693345321,0.0151763804582936
"AUDd5","CTXpl","Cocaine7d",0.000224016931986171,0.000222004683552046,0.00282064725610685
"AUDd6a","CTXpl","Cocaine7d",4.35898357454023e-06,4.35066321502475e-06,0.000237421906877065
"AUDd6b","CTXpl","Cocaine7d",2.2304293857268e-06,2.22714967901272e-06,0.000141795196230476
"AUDp1","CTXpl","Cocaine7d",0.0205888863658217,0.0195243670582778,0.0407557826025252
"AUDp2/3","CTXpl","Cocaine7d",0.121368409272437,0.10674369772217,0.148276700108614
"AUDp4","CTXpl","Cocaine7d",0.00190987267195464,0.00186935630756924,0.00939597512488748
"AUDp5","CTXpl","Cocaine7d",3.07203082646534e-05,3.05942240975687e-05,0.000898999508097789
"AUDp6a","CTXpl","Cocaine7d",1.71009985891353e-06,1.70782678621251e-06,0.000141795196230476
"AUDp6b","CTXpl","Cocaine7d",2.54739870300601e-07,2.54577975256076e-07,4.86243932739105e-05
"AUDpo1","CTXpl","Cocaine7d",0.00482551484974281,0.00469068884119461,0.0158570189144809
"AUDpo2/3","CTXpl","Cocaine7d",0.00342955004397617,0.00333706273182632,0.0130077343220169
"AUDpo4","CTXpl","Cocaine7d",0.000195335709995873,0.000193666766157952,0.00276398619256353
"AUDpo5","CTXpl","Cocaine7d",0.000124471888753888,0.000123582617160056,0.00224802665500674
"AUDpo6a","CTXpl","Cocaine7d",6.25054829861057e-06,6.23666455312755e-06,0.00029780073241184
"AUDpo6b","CTXpl","Cocaine7d",0.00188282723332647,0.00184305059702894,0.0093872710408674
"AUDv1","CTXpl","Cocaine7d",0.0740430516304474,0.0672712957149016,0.10279053985237
"AUDv2/3","CTXpl","Cocaine7d",0.20713180024906,0.175460038715142,0.221207045508859
"AUDv4","CTXpl","Cocaine7d",0.0160521020724925,0.0152368057111549,0.0340377765009426
"AUDv5","CTXpl","Cocaine7d",0.00123781247912362,0.00121576841198812,0.0070367202027191
"AUDv6a","CTXpl","Cocaine7d",0.000324663069225235,0.000321281011073538,0.00340914850639143
"AUDv6b","CTXpl","Cocaine7d",0.000671350959357272,0.000662001483408003,0.00495852091493838
"AV","TH","Cocaine7d",0.00884352753139171,0.00849271742257562,0.0235088264885789
"AVP","HY","Cocaine7d",0.419952100940393,0.320927895712421,0.36815152000644
"AVPV","HY","Cocaine7d",0.604037557693266,0.829412234205196,0.842647535814854
"B","P","Cocaine7d",0.0283131107600071,0.0258339046705658,0.0500941704779499
"BA","STR","Cocaine7d",0.0143074330875234,0.0136145886253151,0.0313265553907908
"BAC","PAL","Cocaine7d",0.0128066658144999,0.0118464519092378,0.028461286976911
"BLAa","CTXsp","Cocaine7d",0.00012320556452684,0.000122331304066692,0.00224802665500674
"BLAp","CTXsp","Cocaine7d",0.000204367842037829,0.000202595846575337,0.00276398619256353
"BLAv","CTXsp","Cocaine7d",0.0348814971363545,0.0324265554237577,0.0604241179115876
"BMA","CTXsp","Cocaine7d",0.00142311414077945,0.00139629583159495,0.00773021750245321
"BST","PAL","Cocaine7d",0.00620734347234925,0.0059498725863707,0.0190995909915429
"CA1","HPF","Cocaine7d",0.0413651318860187,0.0382344211469918,0.0678459297056441
"CA2","HPF","Cocaine7d",0.652043628020856,0.481095531343375,0.517685895699068
"CA3","HPF","Cocaine7d",0.0607372899697023,0.0553203708743012,0.087323891214806
"CEA","STR","Cocaine7d",0.010049127469808,0.0096287074843836,0.0250215391771057
"CL","TH","Cocaine7d",0.00977909761443187,0.00937476339679011,0.0248691640109293
"CLA","CTXsp","Cocaine7d",0.0125519495793175,0.0119763624170134,0.0285935652706195
"CLI","MB","Cocaine7d",0.22834068206351,0.956879609637674,0.959391104676093
"CM","TH","Cocaine7d",0.243197348569741,0.200989839473252,0.244516301524784
"COAa","OLF","Cocaine7d",0.0142524944391121,0.0135634936182514,0.0313265553907908
"COAp","OLF","Cocaine7d",0.000249539610655405,0.000247196188144505,0.00289427864482503
"CP","STR","Cocaine7d",0.0395048704381618,0.0365728089649672,0.0671927237915866
"CS","P","Cocaine7d",0.579467959988891,0.427089508004041,0.465106900569084
"CUN","MB","Cocaine7d",0.0502001869761158,0.0463659978673688,0.0768207913934557
"DG-mo","HPF","Cocaine7d",0.0601052465094704,0.0547676601430432,0.0868101501022511
"DG-po","HPF","Cocaine7d",0.00239302047498721,0.00233738180041987,0.0103823238111673
"DG-sg","HPF","Cocaine7d",0.0058208202256431,0.0056263042632051,0.0182139680385114
"DMH","HY","Cocaine7d",0.0023854853766913,0.00230705394590414,0.0103681718510045
"DP","OLF","Cocaine7d",0.206598599175662,0.17266957955629,0.219248021379564
"DTN","P","Cocaine7d",0.4797077466905,0.367981331273642,0.411020083469389
"ECT1","CTXpl","Cocaine7d",0.0769513876942088,0.0693479292593592,0.104381191126549
"ECT2/3","CTXpl","Cocaine7d",0.0402065480810469,0.0372010505489854,0.067670482427202
"ECT5","CTXpl","Cocaine7d",0.0011049731583532,0.00108617715297044,0.0065287239967937
"ECT6a","CTXpl","Cocaine7d",0.000701869419542623,0.00069191669326818,0.00508292647747009
"ECT6b","CTXpl","Cocaine7d",0.00400887438472995,0.00389395819383354,0.0144416701946059
"ENTl","HPF","Cocaine7d",0.002322631751558,0.00226926806215477,0.0103681718510045
"ENTm","HPF","Cocaine7d",0.0409980514927284,0.0379080158049069,0.0678459297056441
"ENTmv","HPF","Cocaine7d",0.00422687192397616,0.00410293001481843,0.014926850149149
"Epd","CTXsp","Cocaine7d",0.000537849950149191,0.000530994457257794,0.00437254901803814
"Epv","CTXsp","Cocaine7d",0.00115183156430608,0.00113189843972017,0.00665208006112469
"FC","HPF","Cocaine7d",0.105630501129209,0.0951699675041623,0.134647879950333
"FF","HY","Cocaine7d",0.207964014251283,0.176103051793887,0.221287387451529
"FRP1","CTXpl","Cocaine7d",0.885265334264094,0.73305534980713,0.754790144545346
"FRP2/3","CTXpl","Cocaine7d",0.723801634891662,0.527648078482964,0.561452830029226
"FS","STR","Cocaine7d",0.00166543846508406,0.00163198426716082,0.00856667403118429
"GPe","PAL","Cocaine7d",0.266271697554867,0.220626117299216,0.265864911067194
"GPi","PAL","Cocaine7d",0.238935240816848,0.199955109479951,0.244034670355723
"GU1","CTXpl","Cocaine7d",0.00796146620878912,0.00765904098387515,0.0221399969501723
"GU2/3","CTXpl","Cocaine7d",0.00796064448481806,0.00765830223688224,0.0221399969501723
"GU4","CTXpl","Cocaine7d",0.00203412955376119,0.00198986443823257,0.00956204452822679
"GU5","CTXpl","Cocaine7d",0.000544964167879845,0.000537983779706264,0.00437254901803814
"GU6a","CTXpl","Cocaine7d",0.00107700560795469,0.00105887360289669,0.00652402768236349
"GU6b","CTXpl","Cocaine7d",0.0118778417013183,0.0113454776000995,0.0282006963779039
"IA","STR","Cocaine7d",0.000569785410426853,0.000562348317027173,0.00447535535634125
"IAD","TH","Cocaine7d",0.0930820231171531,0.0820584296068004,0.118736061021961
"IC","MB","Cocaine7d",0.0157806040659728,0.0149845092860943,0.0338703109306983
"IGL","TH","Cocaine7d",0.203662534468819,0.172758257683897,0.219248021379564
"ILA2/3","CTXpl","Cocaine7d",0.572668863408874,0.426201316069429,0.465106900569084
"ILA5","CTXpl","Cocaine7d",0.12531506860859,0.108574122360633,0.149730378129104
"ILA6a","CTXpl","Cocaine7d",0.058306049121742,0.0531980706909573,0.0857454135187582
"ILA6b","CTXpl","Cocaine7d",0.00741431430040388,0.00708575935477462,0.0209826362288675
"INC","MB","Cocaine7d",0.24364429609272,0.19908133742509,0.243747022103796
"IPN","MB","Cocaine7d",0.840675511562447,0.738643927936875,0.758499947505071
"IV","MB","Cocaine7d",0.94564025652461,0.63905787317848,0.663369857484183
"LA","CTXsp","Cocaine7d",0.000813007762874446,0.000800780348481411,0.00566477950222035
"LD","TH","Cocaine7d",0.278890013443124,0.230063115190054,0.274637843758127
"LDT","P","Cocaine7d",0.025008068805409,0.023388632586365,0.0461731061249894
"LGd","TH","Cocaine7d",0.0401493188747998,0.0371496499459476,0.067670482427202
"LGv","TH","Cocaine7d",0.182664405275421,0.15626765083376,0.203041641559512
"LH","TH","Cocaine7d",0.287931704505929,0.233518892609277,0.277031729741441
"LHA","HY","Cocaine7d",0.00262856942009199,0.00256504429405113,0.0109244402409837
"LM","HY","Cocaine7d",0.941056345584896,0.636685406323122,0.662707970614258
"LP","TH","Cocaine7d",0.0506301394856749,0.0464544576227441,0.0768207913934557
"LPO","HY","Cocaine7d",0.0119029752076303,0.0113688671261707,0.0282006963779039
"LSc","STR","Cocaine7d",0.0220687031033541,0.0205851866087627,0.042418917927873
"LSr","STR","Cocaine7d",0.100948486055121,0.088594629653727,0.126280404954193
"LSv","STR","Cocaine7d",0.0320861515401822,0.0295926352678529,0.055962310259009
"LT","MB","Cocaine7d",0.434804296933908,0.330832341452073,0.376752051158197
"MA","PAL","Cocaine7d",0.00367347504851264,0.00357180817949254,0.0135092150947144
"MD","TH","Cocaine7d",0.0814261459174396,0.0722874446798267,0.107866421358179
"MEA","STR","Cocaine7d",0.00021508486304413,0.000213181236141669,0.00280811145538336
"MEPO","HY","Cocaine7d",0.754001306844274,0.787218921928368,0.801913675137697
"MEV","MB","Cocaine7d",7.92258028087307e-06,7.90776316550446e-06,0.00030207655292227
"MG","TH","Cocaine7d",0.0466011867438456,0.0428919801875653,0.0724988337683627
"MH","TH","Cocaine7d",0.948756370697445,0.693300111046281,0.717725318210513
"MM","HY","Cocaine7d",0.482490462488439,0.362103590363454,0.40564097219601
"MOB","OLF","Cocaine7d",0.043126873277196,0.0400452216181419,0.0692184373671051
"MOp1","CTXpl","Cocaine7d",0.0132479103340609,0.0126266913849348,0.0297740500558338
"MOp2/3","CTXpl","Cocaine7d",0.00315368527344141,0.00307169456033274,0.0122227846046574
"MOp5","CTXpl","Cocaine7d",0.0185139060413783,0.0175158806923847,0.0384544047384539
"MOp6a","CTXpl","Cocaine7d",0.0395194278838664,0.0365866140017016,0.0671927237915866
"MOp6b","CTXpl","Cocaine7d",0.0202275548470272,0.01909607281499,0.0403022089244541
"MOs1","CTXpl","Cocaine7d",0.0529307379462687,0.0484798984771516,0.0794820653144718
"MOs2/3","CTXpl","Cocaine7d",0.0106197343730934,0.0101652040425287,0.0258873862949732
"MOs5","CTXpl","Cocaine7d",0.00766950268450435,0.00738250088161863,0.0216931948982947
"MOs6a","CTXpl","Cocaine7d",0.0123452526450551,0.0117824564887723,0.028461286976911
"MOs6b","CTXpl","Cocaine7d",0.0198294114065974,0.0187290355647156,0.0397471754762298
"MPN","HY","Cocaine7d",0.0312737919101646,0.0286744123868595,0.0547681276589017
"MPO","HY","Cocaine7d",0.0902527094497127,0.0796937373717681,0.115912050300338
"MPT","MB","Cocaine7d",0.815407299594985,0.56124474497649,0.592252741936517
"MRN","MB","Cocaine7d",0.0407203583471102,0.0376596643312114,0.0678459297056441
"MS","PAL","Cocaine7d",0.928045896051479,0.703296479920715,0.726106095485711
"NB","MB","Cocaine7d",0.00801368031856877,0.00770842825752072,0.0221399969501723
"ND","MB","Cocaine7d",0.849386347098618,0.584055338263032,0.614625727869086
"NDB","PAL","Cocaine7d",0.140225987493652,0.122216224760717,0.163812624065241
"NI","P","Cocaine7d",0.330586895137854,0.265020828962535,0.306781686859662
"NLL","P","Cocaine7d",0.0575529968162927,0.0528791404793535,0.0855925070470891
"NLOT1","OLF","Cocaine7d",0.0482304948058847,0.0438332086242411,0.0737633731033485
"NLOT3","OLF","Cocaine7d",0.012297792675494,0.0117385519107107,0.028461286976911
"NOT","MB","Cocaine7d",0.407594049992076,0.322442688305067,0.368781757283041
"NPC","MB","Cocaine7d",0.0704458024923035,0.0637495454057444,0.0978005074096159
"NTB","MY","Cocaine7d",0.529010177475363,0.399547334942094,0.443683377755465
"OP","MB","Cocaine7d",0.0250645927867615,0.0235297707350988,0.0461731061249894
"ORBl1","CTXpl","Cocaine7d",0.490744632890192,0.888002238928524,0.895031280397616
"ORBl2/3","CTXpl","Cocaine7d",0.177953387349604,0.152538890119385,0.198873228756331
"ORBl5","CTXpl","Cocaine7d",0.00266648009144778,0.00260163460069518,0.0109244402409837
"ORBl6a","CTXpl","Cocaine7d",0.00204726808025906,0.00200252241428833,0.00956204452822679
"ORBm1","CTXpl","Cocaine7d",0.592685364156991,0.844387987296313,0.855177413918241
"ORBm2/3","CTXpl","Cocaine7d",0.795556187169458,0.554472396945595,0.586727023914729
"ORBm5","CTXpl","Cocaine7d",0.258270447291531,0.211670660578483,0.256692674098351
"ORBm6a","CTXpl","Cocaine7d",0.0753774606665596,0.0679996616192182,0.103489524854746
"ORBvl1","CTXpl","Cocaine7d",0.768832300385036,0.549916344022,0.583522342823345
"ORBvl2/3","CTXpl","Cocaine7d",0.0955489811476303,0.0851811263822094,0.122789397275487
"ORBvl5","CTXpl","Cocaine7d",0.00261707519331856,0.00255387188042389,0.0109244402409837
"ORBvl6a","CTXpl","Cocaine7d",0.000932991435827108,0.000918143269023841,0.00604708153046737
"ORBvl6b","CTXpl","Cocaine7d",0.298182025083884,0.236728886874336,0.279970386334354
"OT","STR","Cocaine7d",0.00137038618041598,0.00134495000113966,0.00755545441816689
"PA","CTXsp","Cocaine7d",9.86013669891929e-05,9.79605278025319e-05,0.00220123068356278
"PAA","OLF","Cocaine7d",0.0282094158983363,0.0263945318884605,0.0509227837444036
"PAG","MB","Cocaine7d",0.0964699271119703,0.085956648181942,0.123441502276323
"PAR","HPF","Cocaine7d",0.0327934085873459,0.0305451125079931,0.057478980187455
"PB","P","Cocaine7d",0.00989976967421635,0.00952991089579114,0.0250204458871466
"PBG","MB","Cocaine7d",0.0163203125006781,0.0155624285730822,0.0345630681099849
"PCG","P","Cocaine7d",0.0158378093073482,0.0151960282010811,0.0340377765009426
"PCN","TH","Cocaine7d",0.137670670937307,0.118557263429331,0.160031359116624
"PD","HY","Cocaine7d",0.342268642673856,0.264450436581651,0.306781686859662
"PERI1","CTXpl","Cocaine7d",0.104555056927558,0.0927543515586686,0.131718075447626
"PERI2/3","CTXpl","Cocaine7d",0.00997886560851441,0.00956278821864764,0.0250204458871466
"PERI5","CTXpl","Cocaine7d",0.000587772680334238,0.000580013531262802,0.00452173814168143
"PERI6a","CTXpl","Cocaine7d",0.000280562468922848,0.000277805434265033,0.00303204788254979
"PERI6b","CTXpl","Cocaine7d",0.00167064963895584,0.00163708692218967,0.00856667403118429
"PF","TH","Cocaine7d",0.0229317815263121,0.0215794517369269,0.0440820885748988
"PG","P","Cocaine7d",0.209685458260668,0.175029789041707,0.221207045508859
"PH","HY","Cocaine7d",0.121680997647988,0.105616268955878,0.147246039201261
"PIR","OLF","Cocaine7d",0.000377236959843145,0.000373060812820292,0.00365408283326542
"PL1","CTXpl","Cocaine7d",0.573352659351243,0.846222676599726,0.855177413918241
"PL2/3","CTXpl","Cocaine7d",0.563544910747545,0.427362623297771,0.465106900569084
"PL5","CTXpl","Cocaine7d",0.097721798355265,0.0865896321693411,0.123884792092466
"PL6a","CTXpl","Cocaine7d",0.0618377753297477,0.0562797490756187,0.0884726919624953
"PL6b","CTXpl","Cocaine7d",0.043368923060904,0.0395762202490844,0.0690324937678092
"PMd","HY","Cocaine7d",0.182191423365216,0.152520690576346,0.198873228756331
"PMv","HY","Cocaine7d",0.199022178896286,0.160247548001526,0.206805957218185
"PO","TH","Cocaine7d",0.0815671992404724,0.0733062793633856,0.108961084501219
"POL","TH","Cocaine7d",0.055773653933751,0.0509792713700754,0.08286843261008
"POR","P","Cocaine7d",0.310925714133095,0.254949255178237,0.296922608164898
"POST","HPF","Cocaine7d",0.00234152176610179,0.00228755262311331,0.0103681718510045
"PP","TH","Cocaine7d",0.082335881594237,0.073963054086699,0.109511188608988
"PPN","MB","Cocaine7d",0.0437202835665646,0.0405812126818368,0.0695157993025186
"PPT","MB","Cocaine7d",0.110121717001333,0.0974072627135153,0.137304702422741
"PR","TH","Cocaine7d",0.643009031974069,0.465986031226873,0.50284368341431
"PRC","MB","Cocaine7d",0.529900993410598,0.39905289005395,0.443683377755465
"PRE","HPF","Cocaine7d",0.00150349745352085,0.00147452678039739,0.00804670328731147
"PRNr","P","Cocaine7d",0.138062236873551,0.120452469144834,0.162017053568051
"PS","HY","Cocaine7d",0.0239969148164045,0.0220313187754161,0.0445289088476664
"PST","HY","Cocaine7d",0.00154495983578374,0.00151486310480786,0.00815039022586765
"PSTN","HY","Cocaine7d",0.00718567207184259,0.00692391635569078,0.0209826362288675
"PSV","P","Cocaine7d",0.653352998037198,0.485460394862593,0.520915367521097
"PT","TH","Cocaine7d",0.136689287448695,0.116816157830774,0.158803460111587
"PVH","HY","Cocaine7d",0.12795777581228,0.109825362681329,0.150911109871467
"PVp","HY","Cocaine7d",0.148547168395987,0.126206898003307,0.168570052577843
"PVT","TH","Cocaine7d",0.575190130615956,0.424448030530337,0.465106900569084
"RCH","HY","Cocaine7d",0.428675273009866,0.332370265026996,0.376752051158197
"RE","TH","Cocaine7d",0.683965792547153,0.490416549323237,0.524759444934108
"RN","MB","Cocaine7d",0.190068298998597,0.162110286567998,0.207805803587165
"RPO","P","Cocaine7d",0.544655321719003,0.413730593694416,0.456777707489211
"RSPagl1","CTXpl","Cocaine7d",0.211478093068308,0.178687549565559,0.223067463836744
"RSPagl2/3","CTXpl","Cocaine7d",0.0237074933916794,0.0222846195814413,0.0445985616250195
"RSPagl5","CTXpl","Cocaine7d",0.0512365152042302,0.0469879894308998,0.0773681550112229
"RSPagl6a","CTXpl","Cocaine7d",0.0297977437686943,0.0278350781397357,0.0534321600471309
"RSPagl6b","CTXpl","Cocaine7d",0.0221548174299128,0.02065423752509,0.042418917927873
"RSPd1","CTXpl","Cocaine7d",0.116434626242196,0.101306290112286,0.142275745672401
"RSPd2/3","CTXpl","Cocaine7d",0.00258666808752754,0.00252448104817393,0.0109244402409837
"RSPd5","CTXpl","Cocaine7d",0.0143689422807059,0.0136718393780003,0.0313265553907908
"RSPd6a","CTXpl","Cocaine7d",0.0143938700427317,0.0136951171472829,0.0313265553907908
"RSPd6b","CTXpl","Cocaine7d",0.00652509220320723,0.0062965170502004,0.0195550366924923
"RSPv1","CTXpl","Cocaine7d",0.0593973534152158,0.0541402238897378,0.0864589286088209
"RSPv2/3","CTXpl","Cocaine7d",0.0667003389115824,0.06050732047379,0.0939585220365357
"RSPv5","CTXpl","Cocaine7d",0.0829154502970693,0.0744576800877597,0.109817891094688
"RSPv6a","CTXpl","Cocaine7d",0.0593743927102709,0.0541314529192893,0.0864589286088209
"RSPv6b","CTXpl","Cocaine7d",0.147442161690247,0.128080067758602,0.169883978763145
"RT","TH","Cocaine7d",0.570620927132015,0.430520557518329,0.467212650488641
"SAG","MB","Cocaine7d",0.016810347333839,0.0160194457271073,0.0353724177326879
"SBPV","HY","Cocaine7d",0.289488148915071,0.232684446852832,0.276901740491532
"SCdg","MB","Cocaine7d",0.0426407366285458,0.0393715063438624,0.068990437721814
"SCdw","MB","Cocaine7d",0.0415091970941558,0.0383631434984794,0.0678459297056441
"SCH","HY","Cocaine7d",0.419048481374159,0.903555355320199,0.908310909821884
"SCig","MB","Cocaine7d",0.00732017833266249,0.00705146559421788,0.0209826362288675
"SCiw","MB","Cocaine7d",0.00358213989419185,0.00348398933867944,0.0134432719936924
"SCop","MB","Cocaine7d",0.00298393826599684,0.00290804589397875,0.0116934055947356
"SCsg","MB","Cocaine7d",0.00136411969913316,0.0013388365783672,0.00755545441816689
"SF","STR","Cocaine7d",0.0196702354276124,0.0184053159165568,0.0394523104720062
"SGN","TH","Cocaine7d",0.0770126116258937,0.0694052946234119,0.104381191126549
"SI","PAL","Cocaine7d",0.00397734736803979,0.00386359372141298,0.0144416701946059
"SLC","P","Cocaine7d",0.0186948716744553,0.0178776776834054,0.0388026867901186
"SLD","P","Cocaine7d",0.00565371147209587,0.00548798281403473,0.0179180293586433
"SMT","TH","Cocaine7d",0.320417692475517,0.254882011400536,0.296922608164898
"SNc","MB","Cocaine7d",0.0204013766687429,0.0192556559347409,0.0404157174014891
"SNr","MB","Cocaine7d",0.0237182994243328,0.0222992808125098,0.0445985616250195
"SO","HY","Cocaine7d",0.409153755104904,0.31910601571847,0.367164150615829
"SOCl","P","Cocaine7d",0.27238003003357,0.22916628404387,0.274581882711513
"SOCm","P","Cocaine7d",0.418431712077798,0.33155536188696,0.376752051158197
"SPA","TH","Cocaine7d",0.235025922307858,0.194822273610643,0.23929938430632
"SPFm","TH","Cocaine7d",0.0908751586052595,0.0795942226687166,0.115912050300338
"SPFp","TH","Cocaine7d",0.197478114555713,0.167924724825185,0.214539280545888
"SSp-bfd1","CTXpl","Cocaine7d",0.00812850236691757,0.00781656287538435,0.0222830374507225
"SSp-bfd2/3","CTXpl","Cocaine7d",0.00202523157696759,0.00198123697122043,0.00956204452822679
"SSp-bfd4","CTXpl","Cocaine7d",0.00025543547116194,0.000253015499474984,0.00289427864482503
"SSp-bfd5","CTXpl","Cocaine7d",0.000916273032505686,0.000901817623252144,0.00604376021197051
"SSp-bfd6a","CTXpl","Cocaine7d",0.0144955405591232,0.0137897068516567,0.0313551667698385
"SSp-bfd6b","CTXpl","Cocaine7d",0.00929306142802705,0.00891671626123247,0.0243298972270772
"SSp-ll1","CTXpl","Cocaine7d",0.0261790620379612,0.0245460163429496,0.0478396849132998
"SSp-ll2/3","CTXpl","Cocaine7d",0.00219327587122234,0.00214403747427006,0.0101113866070514
"SSp-ll4","CTXpl","Cocaine7d",0.000414407759286418,0.00040964634059304,0.00378437598703431
"SSp-ll5","CTXpl","Cocaine7d",0.00457564137326164,0.00443713282705038,0.0155503187149839
"SSp-ll6a","CTXpl","Cocaine7d",0.0026672680442846,0.00260241901028668,0.0109244402409837
"SSp-ll6b","CTXpl","Cocaine7d",0.00969663744157787,0.00929709018392122,0.0248355835682371
"SSp-m1","CTXpl","Cocaine7d",0.0639106829255696,0.0580849951671518,0.0909363448928361
"SSp-m2/3","CTXpl","Cocaine7d",8.97116180608293e-05,8.91507020074345e-05,0.0021284730104275
"SSp-m4","CTXpl","Cocaine7d",0.00275221268623228,0.00268450881176008,0.0111465474575255
"SSp-m5","CTXpl","Cocaine7d",0.00482079176732174,0.00467175533914621,0.0158570189144809
"SSp-m6a","CTXpl","Cocaine7d",0.0674102731289854,0.0611216435641632,0.0945128641471835
"SSp-m6b","CTXpl","Cocaine7d",0.463560023931368,0.360607769205643,0.405153434813399
"SSp-n1","CTXpl","Cocaine7d",0.0116003443001076,0.0110853463283075,0.0280437238239302
"SSp-n2/3","CTXpl","Cocaine7d",2.38442955296654e-05,2.37558243688651e-05,0.000756227075742207
"SSp-n4","CTXpl","Cocaine7d",0.000361988542981446,0.000358049502067748,0.00359933973131262
"SSp-n5","CTXpl","Cocaine7d",0.000231002515461426,0.000228900693558409,0.00282064725610685
"SSp-n6a","CTXpl","Cocaine7d",0.00467015270086332,0.00452753034025777,0.0157228780907133
"SSp-n6b","CTXpl","Cocaine7d",0.277866696282007,0.229297436086316,0.274581882711513
"SSp-tr1","CTXpl","Cocaine7d",0.449790034848607,0.351264133241626,0.396990825142903
"SSp-tr2/3","CTXpl","Cocaine7d",0.0492350054271659,0.0452214256621737,0.0756639303943615
"SSp-tr4","CTXpl","Cocaine7d",0.000911189587322689,0.000896835408521479,0.00604376021197051
"SSp-tr5","CTXpl","Cocaine7d",0.000203599141426059,0.000201836963370838,0.00276398619256353
"SSp-tr6a","CTXpl","Cocaine7d",0.00111281936732831,0.00109381763297067,0.0065287239967937
"SSp-tr6b","CTXpl","Cocaine7d",0.006692890362226,0.00645608472108217,0.0198889061568822
"SSp-ul1","CTXpl","Cocaine7d",0.0433300722723387,0.039985808427112,0.0692184373671051
"SSp-ul2/3","CTXpl","Cocaine7d",0.000487007799103092,0.000481043223108824,0.0041763298006266
"SSp-ul4","CTXpl","Cocaine7d",0.000629985057111556,0.000621431888647384,0.00474773962926601
"SSp-ul5","CTXpl","Cocaine7d",0.00636892189137287,0.00614819504824948,0.0193997471522584
"SSp-ul6a","CTXpl","Cocaine7d",0.0465812900712644,0.0428730599008783,0.0724988337683627
"SSp-ul6b","CTXpl","Cocaine7d",0.130962957252774,0.114644514236637,0.156407872994269
"SSs1","CTXpl","Cocaine7d",0.0413025277067058,0.03817691369039,0.0678459297056441
"SSs2/3","CTXpl","Cocaine7d",0.0120985699460044,0.0115520935127533,0.028461286976911
"SSs4","CTXpl","Cocaine7d",0.000420950347829817,0.000416083223705344,0.00378437598703431
"SSs5","CTXpl","Cocaine7d",8.88171038987239e-05,8.82629998981699e-05,0.0021284730104275
"SSs6a","CTXpl","Cocaine7d",0.00104383196393521,0.00102643533526525,0.00645848708598185
"SSs6b","CTXpl","Cocaine7d",0.0769113014037878,0.069314495727467,0.104381191126549
"STN","HY","Cocaine7d",0.0195665399377133,0.0184868156400239,0.0394523104720062
"SUB","HPF","Cocaine7d",0.00902459024874262,0.0086634567733489,0.0238089243699229
"SubG","TH","Cocaine7d",0.910129636069707,0.627482487293119,0.655079340702533
"SUM","HY","Cocaine7d",0.0413920089407305,0.0378376583409363,0.0678459297056441
"SUT","P","Cocaine7d",0.185907251974208,0.160057198635484,0.206805957218185
"TEa1","CTXpl","Cocaine7d",0.00104661262255583,0.00103132908964632,0.00645848708598185
"TEa2/3","CTXpl","Cocaine7d",0.0493905518622113,0.0453587436133738,0.0756639303943615
"TEa4","CTXpl","Cocaine7d",0.021805918485011,0.0205467176759542,0.042418917927873
"TEa5","CTXpl","Cocaine7d",0.000971521259968431,0.000955822750325797,0.00618854729871956
"TEa6a","CTXpl","Cocaine7d",0.000260087984003834,0.000257605952680762,0.00289427864482503
"TEa6b","CTXpl","Cocaine7d",0.00041718432788292,0.000412381572260645,0.00378437598703431
"TMd","HY","Cocaine7d",0.60487442495047,0.427241038017464,0.465106900569084
"TMv","HY","Cocaine7d",0.171891274900943,0.145732168029254,0.191304770402664
"TR","OLF","Cocaine7d",0.0188916337662895,0.0178641668536101,0.0388026867901186
"TRN","P","Cocaine7d",0.259321946916979,0.212451307001699,0.256824048337497
"TRS","PAL","Cocaine7d",0.121442600984897,0.104581451979497,0.146337416322959
"TT","OLF","Cocaine7d",0.228296712955225,0.189199093369873,0.233896613810004
"TU","HY","Cocaine7d",0.081295813511555,0.0721724112628405,0.107866421358179
"V","P","Cocaine7d",0.0885413737709888,0.079803322588976,0.115912050300338
"VAL","TH","Cocaine7d",0.226755807148699,0.190634809862388,0.234911281830426
"VCO","MY","Cocaine7d",0.0344907168641931,0.997776211794797,0.997776211794797
"VISal1","CTXpl","Cocaine7d",0.00033701743361997,0.00033342844663653,0.0034424234220312
"VISal2/3","CTXpl","Cocaine7d",0.066362886722267,0.0602148309354559,0.0938859812952822
"VISal4","CTXpl","Cocaine7d",0.00734366359371875,0.00707382783481847,0.0209826362288675
"VISal5","CTXpl","Cocaine7d",0.000777714520448362,0.000766227339213832,0.00552261969018271
"VISal6a","CTXpl","Cocaine7d",0.00867359472542213,0.00833230721836009,0.0232331485942595
"VISal6b","CTXpl","Cocaine7d",0.00640750088783377,0.00618488805846995,0.0193997471522584
"VISam2/3","CTXpl","Cocaine7d",0.00231896940850443,0.00226561969955652,0.0103681718510045
"VISam4","CTXpl","Cocaine7d",0.00475754122852901,0.00461123533804475,0.0158570189144809
"VISam5","CTXpl","Cocaine7d",0.000433097631091679,0.00042803469233299,0.00380254075514424
"VISam6a","CTXpl","Cocaine7d",0.000110740485042948,0.000109987245773713,0.00224802665500674
"VISam6b","CTXpl","Cocaine7d",0.00562131256603961,0.00543612783463676,0.0179017313175107
"VISC1","CTXpl","Cocaine7d",0.0362194276213869,0.0336279128791679,0.0623585568924375
"VISC2/3","CTXpl","Cocaine7d",0.0251082608105958,0.0235700410847459,0.0461731061249894
"VISC4","CTXpl","Cocaine7d",0.0068254230223431,0.00658204446165689,0.0201147278748235
"VISC5","CTXpl","Cocaine7d",0.0028864059469318,0.00281396831712843,0.0115584505069146
"VISC6a","CTXpl","Cocaine7d",0.0101845935486077,0.00975622835384626,0.0251816164268194
"VISC6b","CTXpl","Cocaine7d",0.122157808951026,0.107394931544501,0.148640811050722
"VISl1","CTXpl","Cocaine7d",7.51086964654222e-06,7.49292403412483e-06,0.00030207655292227
"VISl2/3","CTXpl","Cocaine7d",0.00196492154472662,0.0019227392140394,0.00953878415276691
"VISl4","CTXpl","Cocaine7d",0.00013867831441385,0.000137647146028708,0.00234762233665292
"VISl5","CTXpl","Cocaine7d",0.000148629923144002,0.000147494597067199,0.00234762233665292
"VISl6a","CTXpl","Cocaine7d",0.00409170036453217,0.00397339294762344,0.0145945779422323
"VISl6b","CTXpl","Cocaine7d",0.0232295889154308,0.0218521986093821,0.0444018078126807
"VISp1","CTXpl","Cocaine7d",8.97379091994747e-06,8.95079876406246e-06,0.000310836829806533
"VISp2/3","CTXpl","Cocaine7d",0.000143499397478165,0.000142417393621308,0.00234762233665292
"VISp4","CTXpl","Cocaine7d",4.82045480130896e-07,4.81653164130513e-07,6.13305028992853e-05
"VISp5","CTXpl","Cocaine7d",1.45735695177215e-07,1.45661019135268e-07,4.86243932739105e-05
"VISp6a","CTXpl","Cocaine7d",0.000114533829454166,0.000113744704758556,0.00224802665500674
"VISp6b","CTXpl","Cocaine7d",0.00641892378674862,0.00619573076590452,0.0193997471522584
"VISpl1","CTXpl","Cocaine7d",2.2137076697309e-06,2.21121959198545e-06,0.000141795196230476
"VISpl2/3","CTXpl","Cocaine7d",0.00182135997172505,0.00178845139171002,0.00923227610315173
"VISpl4","CTXpl","Cocaine7d",0.0118170971073184,0.0113403486444065,0.0282006963779039
"VISpl5","CTXpl","Cocaine7d",0.00860715663118849,0.00826954067561692,0.0232276804271005
"VISpl6a","CTXpl","Cocaine7d",0.0103140081829719,0.00987812472664695,0.025325125138115
"VISpl6b","CTXpl","Cocaine7d",0.135363334766026,0.118247536401362,0.160031359116624
"VISpm1","CTXpl","Cocaine7d",0.0352343455117344,0.0315759534681183,0.0591275207099077
"VISpm2/3","CTXpl","Cocaine7d",0.0246603051021746,0.0231589668953864,0.0460766945522793
"VISpm4","CTXpl","Cocaine7d",0.0437364522773912,0.0403478056739602,0.0694273052587964
"VISpm5","CTXpl","Cocaine7d",0.00948997640231084,0.00910236496878603,0.0246603079296189
"VISpm6a","CTXpl","Cocaine7d",0.0045166055635537,0.00438063337633343,0.0155503187149839
"VISpm6b","CTXpl","Cocaine7d",0.04473982399283,0.0412399426512907,0.0703288307713976
"VLPO","HY","Cocaine7d",0.381120621340271,0.294679841868702,0.340083684573547
"VM","TH","Cocaine7d",0.293015151486429,0.240531911254354,0.283590092898652
"VMH","HY","Cocaine7d",0.0894769097218426,0.079044921565407,0.115912050300338
"VPL","TH","Cocaine7d",0.794541020819657,0.769945381384618,0.786414801307284
"VPM","TH","Cocaine7d",0.625860431240083,0.465075616024263,0.50284368341431
"VTA","MB","Cocaine7d",0.189300542938955,0.161505123531606,0.207727128582739
"VTN","MB","Cocaine7d",0.315484406316625,0.2509041081092,0.294834408067243
"ZI","HY","Cocaine7d",0.166202642741319,0.143177437024605,0.188599244632411
