 Name(abbreviation);Saline_Raw_Fos_count_mouse#1;Saline_Raw_Fos_count_mouse#2;Saline_Raw_Fos_count_mouse#3;Saline_Raw_Fos_count_mouse#4;Saline_Raw_Fos_count_mouse#5;Saline_Raw_Fos_count_mouse#6;Saline_Raw_Fos_count_mouse#7;Cocaine_1_d_Raw_Fos_mouse#1;Cocaine_1_d_Raw_Fos_mouse#2;Cocaine_1_d_Raw_Fos_mouse#3;Cocaine_1_d_Raw_Fos_mouse#4;Cocaine_1_d_Raw_Fos_mouse#5;Cocaine_1_d_Raw_Fos_mouse#6;Cocaine_7_d_Raw_Fos_mouse#1;Cocaine_7_d_Raw_Fos_mouse#2;Cocaine_7_d_Raw_Fos_mouse#3;Cocaine_7_d_Raw_Fos_mouse#4;Cocaine_7_d_Raw_Fos_mouse#5;Cocaine_7_d_Raw_Fos_mouse#6;Average_Saline_Raw_Fos;Average Cocaine_1_d_Raw_Fos;Average Cocaine_7_d_Raw_Fos
 Frontal pole  layer 1 (FRP1);468;158;225;3275;169;91;650;0;1758;354;3266;1963;246;130;510;683;389;2149;125;719,4285714;1264,5;664,3333333
 Frontal pole  layer 2/3 (FRP2/3);27;1;15;929;29;7;193;0;560;38;925;719;44;28;138;223;172;746;29;171,5714286;381;222,6666667
 Primary motor area  Layer 1 (MOp1);4752;1081;1018;11357;1872;454;6792;917;9094;2749;23349;14168;4318;14559;3356;9217;10455;22502;14249;3903,714286;9099,166667;12389,66667
 Primary motor area  Layer 2/3 (MOp2/3);41567;4971;9605;28329;7205;1425;16687;11055;51929;31128;50169;55087;8642;49959;22305;57840;49561;62458;50272;15684,14286;34668,33333;48732,5
 Primary motor area  Layer 5 (MOp5);46114;10428;18194;45405;5499;4612;9559;22235;34599;39578;34733;47788;22123;54580;38717;30577;33501;34403;53231;19973;33509,33333;40834,83333
 Primary motor area  Layer 6a (MOp6a);23129;3780;7017;22745;4451;1909;8561;13481;20508;17346;21556;28412;12462;26581;17890;10087;19957;14457;26062;10227,42857;18960,83333;19172,33333
 Primary motor area  Layer 6b (MOp6b);3156;812;1253;3486;642;302;1925;2411;3361;2796;3199;3562;2012;4470;3087;1625;3223;2278;4473;1653,714286;2890,166667;3192,666667
 Secondary motor area  layer 1 (MOs1);1310;360;827;6874;720;315;3440;209;8511;641;15979;8314;789;3690;2389;6871;5519;11834;3876;1978;5740,5;5696,5
 Secondary motor area  layer 2/3 (MOs2/3);7911;1053;4184;13614;3071;498;9037;2260;33482;5560;29175;23593;2378;11063;8176;29266;21307;28300;11370;5624;16074,66667;18247
 Secondary motor area  layer 5 (MOs5);13877;3702;7902;23289;2534;1067;6094;5646;19740;9990;20861;21738;4931;24921;17569;18742;22083;19079;24693;8352,142857;13817,66667;21181,16667
 Secondary motor area  layer 6a (MOs6a);4940;1499;2124;7992;1109;477;3310;3983;6331;4681;7375;9457;5823;9414;4760;3910;6636;5474;9235;3064,428571;6275;6571,5
 Secondary motor area  layer 6b (MOs6b);404;86;122;401;82;19;307;246;524;457;621;726;701;782;232;211;501;299;730;203;545,8333333;459,1666667
 Primary somatosensory area  barrel field  layer 1 (SSp-bfd1);548;273;152;1626;219;145;548;145;555;232;3991;2817;1106;1148;844;1911;1807;2959;1196;501,5714286;1474,333333;1644,166667
 Primary somatosensory area  barrel field  layer 2/3 (SSp-bfd2/3);9926;1034;3018;10608;2351;370;3767;3307;10144;6309;20969;19979;2716;9822;9314;19421;19988;26575;10288;4439,142857;10570,66667;15901,33333
 Primary somatosensory area  barrel field  layer 4 (SSp-bfd4);7723;1120;2688;5020;811;343;1188;3418;3980;6206;7361;7608;2857;11770;6497;9186;9330;8027;12083;2699;5238,333333;9482,166667
 Primary somatosensory area  barrel field  layer 5 (SSp-bfd5);13369;2879;5227;10733;1518;1122;2999;8056;7200;12250;12365;12930;10043;20629;12697;8961;13415;11608;20856;5406,714286;10474;14694,33333
 Primary somatosensory area  barrel field  layer 6a (SSp-bfd6a);8075;2068;2525;7257;970;665;3223;5035;5563;7024;8424;7606;5901;12003;5502;2424;8424;6002;11842;3540,428571;6592,166667;7699,5
 Primary somatosensory area  barrel field  layer 6b (SSp-bfd6b);1261;538;623;1028;137;201;499;1370;1051;1755;1514;1089;703;1411;1233;705;1729;849;1362;612,4285714;1247;1214,833333
 Primary somatosensory area  lower limb  layer 1 (SSp-ll1);257;57;44;758;159;6;176;53;323;100;1417;1539;277;835;62;488;614;1555;828;208,1428571;618,1666667;730,3333333
 Primary somatosensory area  lower limb  layer 2/3 (SSp-ll2/3);2542;340;818;1941;1019;117;1048;551;3135;1552;5247;6217;1473;3418;1204;4905;4760;3937;3479;1117,857143;3029,166667;3617,166667
 Primary somatosensory area  lower limb  layer 4 (SSp-ll4);1736;362;1045;1072;331;261;397;560;1386;1102;1849;2261;1293;2716;1101;2141;1895;1408;2647;743,4285714;1408,5;1984,666667
 Primary somatosensory area  lower limb  layer 5 (SSp-ll5);4173;759;2095;3478;617;679;895;1115;2609;3672;4008;4268;3941;5622;4432;2411;3429;3637;5550;1813,714286;3268,833333;4180,166667
 Primary somatosensory area  lower limb  layer 6a (SSp-ll6a);1781;270;705;1707;375;157;1046;929;1877;1709;2508;1989;1016;3299;2263;930;1919;1620;3264;863;1671,333333;2215,833333
 Primary somatosensory area  lower limb  layer 6b (SSp-ll6b);377;103;216;377;34;59;389;341;471;508;431;294;162;792;492;219;546;260;792;222,1428571;367,8333333;516,8333333
 Primary somatosensory area  mouth  layer 1 (SSp-m1);635;409;159;5494;377;256;1255;551;1027;332;6201;3423;2128;3429;1436;3298;2366;4337;3268;1226,428571;2277;3022,333333
 Primary somatosensory area  mouth  layer 2/3 (SSp-m2/3);12896;2600;2619;15872;2849;1105;4849;5942;17654;8897;22196;16617;2945;24008;14904;26654;25427;32080;24118;6112,857143;12375,16667;24531,83333
 Primary somatosensory area  mouth  layer 4 (SSp-m4);11416;2916;3129;6581;1258;653;1535;4371;8122;8826;6799;7098;2523;10046;10208;10034;12848;8010;10587;3926,857143;6289,833333;10288,83333
 Primary somatosensory area  mouth  layer 5 (SSp-m5);14579;4185;5903;13074;1938;1963;2544;6614;11439;11605;9777;11536;7887;17398;14477;8045;15077;11225;17108;6312,285714;9809,666667;13888,33333
 Primary somatosensory area  mouth  layer 6a (SSp-m6a);6749;2727;3595;7334;898;1307;2614;4688;6321;6103;5391;7916;2998;8389;7398;2305;5799;3989;8066;3603,428571;5569,5;5991
 Primary somatosensory area  mouth  layer 6b (SSp-m6b);653;227;262;751;85;128;325;494;637;421;486;656;195;667;470;184;432;213;627;347,2857143;481,5;432,1666667
 Primary somatosensory area  nose  layer 1 (SSp-n1);215;187;61;1939;68;83;500;185;215;133;2342;1533;718;2062;674;1473;1222;1809;2343;436,1428571;854,3333333;1597,166667
 Primary somatosensory area  nose  layer 2/3 (SSp-n2/3);4829;1099;865;7509;1222;266;2457;3126;6107;3589;13608;11583;1950;14433;7461;13794;11831;17845;15654;2606,714286;6660,5;13503
 Primary somatosensory area  nose  layer 4 (SSp-n4);4036;1222;1022;3873;833;165;742;3393;4071;3262;5929;6015;1918;5374;5310;6586;5998;3947;5767;1699;4098;5497
 Primary somatosensory area  nose  layer 5 (SSp-n5);5175;2428;2474;6173;1369;401;1337;5721;6527;5562;8306;10272;5606;8458;7159;6726;8387;6550;7972;2765,285714;6999;7542
 Primary somatosensory area  nose  layer 6a (SSp-n6a);4142;1667;1537;3597;896;385;1714;3797;5355;2424;5273;6028;2410;5116;5274;2382;4765;3328;4758;1991,142857;4214,5;4270,5
 Primary somatosensory area  nose  layer 6b (SSp-n6b);428;135;151;336;52;42;174;312;486;184;469;496;85;352;419;94;282;117;381;188,2857143;338,6666667;274,1666667
 Primary somatosensory area  trunk  layer 1 (SSp-tr1);26;40;10;187;37;2;15;13;49;48;329;123;35;33;25;60;99;155;32;45,28571429;99,5;67,33333333
 Primary somatosensory area  trunk  layer 2/3 (SSp-tr2/3);1164;205;643;1619;418;45;519;350;1530;1605;2435;2327;693;1074;419;1683;2546;1712;1110;659;1490;1424
 Primary somatosensory area  trunk  layer 4 (SSp-tr4);735;151;428;290;151;20;192;217;596;810;854;887;749;1252;345;859;1108;558;1245;281;685,5;894,5
 Primary somatosensory area  trunk  layer 5 (SSp-tr5);2904;683;1874;1429;468;244;832;956;2060;3496;3318;3147;4064;5448;2805;2506;3605;2389;5398;1204,857143;2840,166667;3691,833333
 Primary somatosensory area  trunk  layer 6a (SSp-tr6a);847;227;397;853;128;66;467;518;457;954;1323;1233;1372;1850;863;670;1087;935;1798;426,4285714;976,1666667;1200,5
 Primary somatosensory area  trunk  layer 6b (SSp-tr6b);111;53;108;193;23;17;113;166;78;144;244;193;205;281;226;62;234;152;262;88,28571429;171,6666667;202,8333333
 Primary somatosensory area  upper limb  layer 1 (SSp-ul1);354;154;135;2604;198;76;504;111;504;130;2586;2089;919;2479;500;1250;969;2291;2409;575;1056,5;1649,666667
 Primary somatosensory area  upper limb  layer 2/3 (SSp-ul2/3);5324;568;1607;6640;1730;264;2128;1234;7615;3176;11733;12066;2024;12692;5776;9804;10098;13137;12843;2608,714286;6308;10725
 Primary somatosensory area  upper limb  layer 4 (SSp-ul4);4927;624;1669;2718;606;190;848;1978;3346;3952;4263;5030;1940;7119;4280;3913;5979;3668;7015;1654,571429;3418,166667;5329
 Primary somatosensory area  upper limb  layer 5 (SSp-ul5);8365;1589;3045;7066;1016;899;1786;4805;5460;7887;7709;9742;6781;11637;7501;3133;7182;6504;11376;3395,142857;7064;7888,833333
 Primary somatosensory area  upper limb  layer 6a (SSp-ul6a);4860;797;1261;4030;462;246;2163;3656;4627;4167;4766;4250;2609;5840;3094;2110;4332;2254;5700;1974,142857;4012,5;3888,333333
 Primary somatosensory area  upper limb  layer 6b (SSp-ul6b);900;313;327;867;116;64;679;773;908;1081;1041;677;377;963;943;521;805;337;938;466,5714286;809,5;751,1666667
 Supplemental somatosensory area  layer 1 (SSs1);465;258;146;3003;212;192;604;265;575;287;7248;3795;487;2164;1013;2351;2433;1970;2114;697,1428571;2109,5;2007,5
 Supplemental somatosensory area  layer 2/3 (SSs2/3);4347;923;1280;14369;1654;357;2907;2067;8735;3539;17051;14614;1662;5775;8304;13285;15380;21378;6268;3691;7944,666667;11731,66667
 Supplemental somatosensory area  layer 4 (SSs4);4134;1001;1729;5610;786;272;955;2414;5041;4040;6003;6268;818;6844;5951;8269;8124;7272;7162;2069,571429;4097,333333;7270,333333
 Supplemental somatosensory area  layer 5 (SSs5);6818;2643;4472;10797;1201;1157;2063;6553;8084;8176;8320;9154;3976;13411;10672;10513;12330;12589;13609;4164,428571;7377,166667;12187,33333
 Supplemental somatosensory area  layer 6a (SSs6a);4245;1879;2470;6688;893;970;2222;5410;4403;4501;5219;6167;3431;7986;5188;3827;6293;5709;7782;2766,714286;4855,166667;6130,833333
 Supplemental somatosensory area  layer 6b (SSs6b);485;305;361;825;67;172;389;708;554;699;632;718;236;744;785;383;562;356;750;372;591,1666667;596,6666667
 Gustatory areas  layer 1 (GU1);221;206;187;1939;376;85;1059;377;1039;592;4430;2927;375;2467;771;1485;2162;2318;2362;581,8571429;1623,333333;1927,5
 Gustatory areas  layer 2/3 (GU2/3);1970;393;638;5433;1015;121;2531;1469;4476;2884;5354;4398;593;4453;2762;5609;6573;7112;4450;1728,714286;3195,666667;5159,833333
 Gustatory areas  layer 4 (GU4);1148;247;400;1493;216;52;489;818;1473;1301;1143;1331;394;1691;1110;1713;1926;1755;1652;577,8571429;1076,666667;1641,166667
 Gustatory areas  layer 5 (GU5);4719;1744;2610;6457;882;594;1434;4885;4884;4014;3477;4568;2432;7838;5789;5469;6971;6661;7684;2634,285714;4043,333333;6735,333333
 Gustatory areas  layer 6a (GU6a);3445;1479;2341;4948;842;1000;1471;4595;3526;3097;2813;3997;1387;6514;4152;3354;4897;3975;6441;2218;3235,833333;4888,833333
 Gustatory areas  layer 6b (GU6b);315;128;181;341;45;100;145;474;242;266;262;482;113;457;383;180;324;295;450;179,2857143;306,5;348,1666667
 Visceral area  layer 1 (VISC1);57;99;79;1177;121;50;174;163;434;91;1893;1658;147;1222;355;487;856;347;1224;251;731;748,5
 Visceral area  layer 2/3 (VISC2/3);181;232;356;3899;501;106;630;247;2020;666;2837;2490;173;2467;2006;2106;2937;2986;2465;843,5714286;1405,5;2494,5
 Visceral area  layer 4 (VISC4);162;207;284;1940;270;82;272;367;1384;522;1100;1326;181;1470;970;1643;1258;1172;1506;459,5714286;813,3333333;1336,5
 Visceral area  layer 6a (VISC6a);1342;1123;1485;4882;578;627;1113;3774;2965;1768;2278;2893;1131;3856;2359;3082;3435;2522;3829;1592,857143;2468,166667;3180,5
 Visceral area  layer 6b (VISC6b);138;116;132;408;32;55;136;326;262;182;219;265;89;268;172;213;213;208;258;145,2857143;223,8333333;222
 Visceral area  layer 5 (VISC5);722;785;1305;4670;617;255;899;2670;3451;1605;2461;2937;879;3939;2747;3406;3624;2746;4019;1321,857143;2333,833333;3413,5
 Dorsal auditory area  layer 1 (AUDd1);276;110;115;385;118;175;355;124;417;219;2495;1548;101;208;365;1011;964;1214;211;219,1428571;817,3333333;662,1666667
 Dorsal auditory area  layer 2/3 (AUDd2/3);3779;501;982;5450;1130;197;1728;1333;5415;1995;8288;7127;896;1296;3951;4441;7273;8465;1289;1966,714286;4175,666667;4452,5
 Dorsal auditory area  layer 4 (AUDd4);2525;507;1193;2781;539;75;622;1454;2656;2036;3242;3094;169;3523;2770;3950;4295;4006;3560;1177,428571;2108,5;3684
 Dorsal auditory area  layer 5 (AUDd5);6409;2047;3858;6804;1057;520;2025;5716;7169;6683;8370;7870;1975;11808;8549;8392;10949;7578;12274;3245,714286;6297,166667;9925
 Dorsal auditory area  layer 6a (AUDd6a);2835;1321;2112;4841;970;663;1820;3969;3728;3189;5387;5586;3479;8304;4709;3912;6639;4621;8318;2080,285714;4223;6083,833333
 Dorsal auditory area  layer 6b (AUDd6b);680;381;427;846;130;200;371;920;775;742;1078;1006;568;1507;1047;908;1378;859;1485;433,5714286;848,1666667;1197,333333
 Primary auditory area  layer 1 (AUDp1);107;30;43;39;37;150;67;50;62;25;1025;491;0;70;152;365;196;337;72;67,57142857;275,5;198,6666667
 Primary auditory area  layer 2/3 (AUDp2/3);2079;392;566;2698;768;429;1030;777;2941;544;4736;4228;231;417;3611;1605;3912;3831;455;1137,428571;2242,833333;2305,166667
 Primary auditory area  layer 4 (AUDp4);1149;341;624;1816;345;102;328;786;1631;754;1798;1884;119;1228;2604;2007;2970;2928;1288;672,1428571;1162;2170,833333
 Primary auditory area  layer 5 (AUDp5);2195;943;1751;5072;852;383;1309;2579;4711;2397;5713;5602;1761;5901;6785;5473;6033;5019;6101;1786,428571;3793,833333;5885,333333
 Primary auditory area  layer 6a (AUDp6a);569;525;774;2436;387;301;767;1398;1596;875;2503;2467;1386;3995;2506;2068;2505;2352;3996;822,7142857;1704,166667;2903,666667
 Primary auditory area  layer 6b (AUDp6b);242;202;237;615;172;108;265;668;453;294;821;735;286;963;697;747;842;637;960;263;542,8333333;807,6666667
 Posterior auditory area  layer 1 (AUDpo1);11;1;19;3;6;3;11;3;35;5;112;130;0;25;19;28;60;23;23;7,714285714;47,5;29,66666667
 Posterior auditory area  layer 2/3 (AUDpo2/3);86;45;100;222;65;23;64;46;267;26;397;460;40;217;277;166;446;339;220;86,42857143;206;277,5
 Posterior auditory area  layer 4 (AUDpo4);39;22;50;128;53;11;35;30;173;42;167;202;18;182;118;153;245;222;178;48,28571429;105,3333333;183
 Posterior auditory area  layer 5 (AUDpo5);139;111;203;332;92;35;113;86;482;177;496;475;52;640;371;456;543;408;658;146,4285714;294,6666667;512,6666667
 Posterior auditory area  layer 6a (AUDpo6a);39;36;54;107;46;13;65;49;132;83;210;155;52;229;111;147;147;133;248;51,42857143;113,5;169,1666667
 Posterior auditory area  layer 6b (AUDpo6b);14;18;16;29;8;1;15;11;14;15;46;38;6;74;27;37;33;28;62;14,42857143;21,66666667;43,5
 Ventral auditory area  layer 1 (AUDv1);34;22;12;115;27;20;27;10;43;18;304;267;0;71;46;39;180;82;77;36,71428571;107;82,5
 Ventral auditory area  layer 2/3 (AUDv2/3);1066;234;234;2970;345;102;636;152;1680;841;2802;2619;26;462;968;1522;3063;3088;475;798,1428571;1353,333333;1596,333333
 Ventral auditory area  layer 4 (AUDv4);1223;259;492;2072;281;110;408;411;1467;1090;1885;1903;59;1141;1217;2272;2737;3083;1204;692,1428571;1135,833333;1942,333333
 Ventral auditory area  layer 5 (AUDv5);2754;1016;2184;5490;805;404;1339;3264;4019;3734;5032;4710;777;5568;3885;5039;6300;6082;5769;1998,857143;3589,333333;5440,5
 Ventral auditory area  layer 6a (AUDv6a);1440;557;1394;3870;463;477;1038;2940;1676;2111;2720;2683;1434;4788;2269;2544;3799;3127;4648;1319,857143;2260,666667;3529,166667
 Ventral auditory area  layer 6b (AUDv6b);321;146;237;619;83;95;197;536;325;455;515;481;258;772;434;459;543;424;719;242,5714286;428,3333333;558,5
 Anterolateral visual area  layer 1 (VISal1);54;41;13;15;23;47;84;17;90;37;460;284;93;132;50;197;191;309;138;39,57142857;163,5;169,5
 Anterolateral visual area  layer 2/3 (VISal2/3);962;111;135;764;281;34;354;136;762;488;1874;1344;197;256;536;1043;1247;1949;273;377,2857143;800,1666667;884
 Anterolateral visual area  layer 4 (VISal4);793;60;150;361;102;6;153;155;278;483;580;528;79;535;400;1100;875;1133;565;232,1428571;350,5;768
 Anterolateral visual area  layer 5 (VISal5);2108;233;516;1244;214;54;367;913;907;1502;1659;1280;973;3310;1555;2411;1465;1754;3404;676,5714286;1205,666667;2316,5
 Anterolateral visual area  layer 6a (VISal6a);934;159;191;1316;134;51;280;598;386;568;765;702;657;1875;507;890;747;1037;1931;437,8571429;612,6666667;1164,5
 Anterolateral visual area  layer 6b (VISal6b);164;50;41;204;28;15;53;157;69;124;154;153;115;311;83;138;168;153;293;79,28571429;128,6666667;191
 Anteromedial visual area  layer 2/3 (VISam2/3);408;46;110;253;82;13;135;140;375;506;582;531;482;487;101;691;615;433;447;149,5714286;436;462,3333333
 Anteromedial visual area  layer 4 (VISam4);579;67;143;264;76;7;118;203;352;593;704;615;491;676;166;654;679;441;678;179,1428571;493;549
 Anteromedial visual area  layer 5 (VISam5);1941;236;446;634;284;41;363;495;944;1897;2011;1830;1551;2632;1410;1775;2169;1480;2627;563,5714286;1454,666667;2015,5
 Anteromedial visual area  layer 6a (VISam6a);985;150;219;418;118;44;319;460;446;892;1042;1146;902;1528;913;695;1288;840;1530;321,8571429;814,6666667;1132,333333
 Anteromedial visual area  layer 6b (VISam6b);124;17;10;30;15;3;63;89;38;95;140;101;95;170;124;43;132;48;158;37,42857143;93;112,5
 Lateral visual area  layer 1 (VISl1);171;61;24;4;68;47;105;217;190;100;808;453;270;374;151;401;430;483;387;68,57142857;339,6666667;371
 Lateral visual area  layer 2/3 (VISl2/3);1391;233;273;928;648;57;658;746;1721;1331;2861;2664;209;1303;817;2521;2956;3239;1271;598,2857143;1588,666667;2017,833333
 Lateral visual area  layer 4 (VISl4);1061;98;246;369;166;25;211;480;817;904;964;1023;189;1155;584;1700;1467;1776;1178;310,8571429;729,5;1310
 Lateral visual area  layer 5 (VISl5);2742;375;717;1489;352;86;705;1553;2103;2372;2875;2447;1108;4723;1747;3490;3055;2543;4759;923,7142857;2076,333333;3386,166667
 Lateral visual area  layer 6a (VISl6a);1482;245;510;1661;229;78;437;818;799;1300;1674;1535;591;2685;746;1478;1762;1560;2754;663,1428571;1119,5;1830,833333
 Lateral visual area  layer 6b (VISl6b);212;60;93;208;27;8;48;156;80;188;218;239;68;322;99;126;317;134;309;93,71428571;158,1666667;217,8333333
 Primary visual area  layer 1 (VISp1);799;350;195;285;540;159;721;363;1085;544;5087;4747;658;3360;935;1897;1875;2954;3250;435,5714286;2080,666667;2378,5
 Primary visual area  layer 2/3 (VISp2/3);6991;1834;2770;6236;2908;512;3844;2606;10038;10094;19107;19356;4521;8239;6127;20285;16282;19653;8194;3585;10953,66667;13130
 Primary visual area  layer 4 (VISp4);5942;1212;2563;2741;1385;279;1550;2131;4337;6136;8577;8839;4131;10543;5846;13001;10367;13385;10381;2238,857143;5691,833333;10587,16667
 Primary visual area  layer 5 (VISp5);12904;3206;6194;6566;3191;845;3836;6495;9016;10101;18720;16479;11890;26410;16735;21727;19874;18383;26300;5248,857143;12116,83333;21571,5
 Primary visual area  layer 6a (VISp6a);9554;1959;3250;5503;2055;470;3027;4634;3697;6378;10537;9268;7755;15666;7261;9977;10382;10849;15648;3688,285714;7044,833333;11630,5
 Primary visual area  layer 6b (VISp6b);1492;312;438;602;200;33;361;901;434;854;1319;1154;923;1822;976;769;1390;743;1861;491,1428571;930,8333333;1260,166667
 Posterolateral visual area  layer 1 (VISpl1);49;21;45;79;40;13;63;37;160;0;565;515;92;500;116;185;213;99;480;44,28571429;228,1666667;265,5
 Posterolateral visual area  layer 2/3 (VISpl2/3);226;48;119;548;148;31;209;114;753;0;1583;1405;236;1263;289;453;733;288;1277;189,8571429;681,8333333;717,1666667
 Posterolateral visual area  layer 4 (VISpl4);208;20;53;329;45;8;87;101;368;0;418;432;61;429;115;372;353;241;430;107,1428571;230;323,3333333
 Posterolateral visual area  layer 5 (VISpl5);1209;197;403;1383;226;67;404;519;1760;15;2118;1937;400;2907;1019;1704;2295;1068;2859;555,5714286;1124,833333;1975,333333
 Posterolateral visual area  layer 6a (VISpl6a);853;142;257;1128;163;48;305;238;995;44;1302;1259;257;1874;598;1217;1566;732;1904;413,7142857;682,5;1315,166667
 Posterolateral visual area  layer 6b (VISpl6b);23;5;4;29;2;2;1;5;13;1;28;16;6;24;13;19;25;10;24;9,428571429;11,5;19,16666667
 posteromedial visual area  layer 1 (VISpm1);4;0;1;0;1;0;3;0;16;9;29;17;2;2;1;0;12;21;2;1,285714286;12,16666667;6,333333333
 posteromedial visual area  layer 2/3 (VISpm2/3);631;96;245;266;84;34;175;108;556;676;858;854;722;456;98;618;662;800;403;218,7142857;629;506,1666667
 posteromedial visual area  layer 4 (VISpm4);836;183;406;449;87;17;177;162;502;952;931;884;768;911;155;858;749;590;862;307,8571429;699,8333333;687,5
 posteromedial visual area  layer 5 (VISpm5);2641;417;937;1110;326;86;506;384;1082;2333;2497;2488;1215;3162;1244;2111;2140;1697;3033;860,4285714;1666,5;2231,166667
 posteromedial visual area  layer 6a (VISpm6a);1606;297;506;690;304;84;467;339;557;1521;1461;1422;763;1993;879;1005;1538;1090;1981;564,8571429;1010,5;1414,333333
 posteromedial visual area  layer 6b (VISpm6b);352;46;95;44;38;13;114;86;59;212;268;225;132;316;195;133;230;100;297;100,2857143;163,6666667;211,8333333
 Anterior cingulate area  dorsal part  layer 1 (ACAd1);0;5;157;1308;0;22;414;177;460;0;302;0;0;16;11;1161;698;573;45;272,2857143;156,5;417,3333333
 Anterior cingulate area  dorsal part  layer 2/3 (ACAd2/3);12;386;1334;5683;1;228;1691;2422;2844;0;2100;53;16;1292;777;6180;5579;5031;1824;1333,571429;1239,166667;3447,166667
 Anterior cingulate area  dorsal part  layer 5 (ACAd5);151;852;1269;5058;24;225;1551;2102;3389;33;3930;1067;857;5027;3350;3157;4730;3075;4859;1304,285714;1896,333333;4033
 Anterior cingulate area  dorsal part  layer 6a (ACAd6a);247;324;543;2062;154;139;1128;972;1803;600;1934;2090;1333;2662;1273;972;1733;1332;2615;656,7142857;1455,333333;1764,5
 Anterior cingulate area  dorsal part  layer 6b (ACAd6b);110;30;47;216;26;18;147;140;246;219;275;345;317;376;100;88;215;153;396;84,85714286;257;221,3333333
 Anterior cingulate area  ventral part  layer 1 (ACAv1);0;9;147;586;0;25;166;256;73;0;36;0;0;0;6;459;586;161;20;133,2857143;60,83333333;205,3333333
 Anterior cingulate area  ventral part  layer 2/3 (ACAv2/3);0;703;1075;4694;0;247;1655;2767;2070;0;2136;0;0;717;1350;3145;4300;2989;1084;1196,285714;1162,166667;2264,166667
 Anterior cingulate area  ventral part  layer 5 (ACAv5);0;739;679;4322;5;161;1452;1713;2828;35;3562;463;1260;3023;2884;1325;2765;2624;2949;1051,142857;1643,5;2595
 Anterior cingulate area  ventral part  6a (ACAv6a);124;269;356;1658;35;84;857;699;1427;351;1627;1210;957;2341;826;625;1077;1261;2271;483,2857143;1045,166667;1400,166667
 Anterior cingulate area  ventral part  6b (ACAv6b);52;63;110;318;41;14;183;163;325;193;394;390;405;491;115;143;308;284;482;111,5714286;311,6666667;303,8333333
 Prelimbic area  layer 1 (PL1);0;0;54;272;0;21;117;9;39;0;87;0;1;4;3;260;114;58;14;66,28571429;22,66666667;75,5
 Prelimbic area  layer 2/3 (PL2/3);0;45;871;3388;0;132;1117;265;498;0;367;0;0;502;45;3066;3305;1481;1094;793,2857143;188,3333333;1582,166667
 Prelimbic area  layer 5 (PL5);0;292;1113;2872;9;122;980;414;2451;0;2086;325;186;2300;822;2397;3550;2225;2346;769,7142857;910,3333333;2273,333333
 Prelimbic area  layer 6a (PL6a);8;168;680;1806;131;150;686;315;1437;265;1124;1416;586;1626;642;943;1377;1341;1583;518,4285714;857,1666667;1252
 Prelimbic area  layer 6b (PL6b);0;6;11;120;25;17;55;47;89;46;109;125;93;170;72;26;77;24;172;33,42857143;84,83333333;90,16666667
 Infralimbic area  layer 1 (ILA1);NaN;NaN;NaN;NaN;NaN;NaN;NaN;NaN;NaN;NaN;NaN;NaN;NaN;NaN;NaN;NaN;NaN;NaN;NaN;#DZIEL/0!;#DZIEL/0!;#DZIEL/0!
 Infralimbic area  layer 2/3 (ILA2/3);0;524;1586;4670;38;304;1087;399;952;204;745;528;132;908;840;2061;3546;1757;1648;1172,714286;493,3333333;1793,333333
 Infralimbic area  layer 5 (ILA5);0;666;1343;3768;53;420;1109;608;1813;339;1808;501;481;2233;1697;1989;3290;2512;2295;1051,285714;925;2336
 Infralimbic area  layer 6a (ILA6a);13;455;822;2783;108;467;1102;479;1577;518;1395;1451;660;2381;1691;1158;1905;1929;2376;821,4285714;1013,333333;1906,666667
 Infralimbic area  layer 6b (ILA6b);0;50;75;602;29;90;179;267;283;90;464;435;322;834;387;155;395;400;848;146,4285714;310,1666667;503,1666667
 Orbital area  lateral part  layer 1 (ORBl1);1331;302;770;2221;218;337;380;225;1690;1136;1230;1460;744;443;749;441;1033;674;438;794,1428571;1080,833333;629,6666667
 Orbital area  lateral part  layer 2/3 (ORBl2/3);3564;1416;2606;5531;711;869;1387;1320;4059;3302;2204;3361;1864;2178;3967;2951;5377;3325;2194;2297,714286;2685;3332
 Orbital area  lateral part  layer 5 (ORBl5);2170;803;1868;4277;498;685;796;1100;2552;3076;1650;3063;1273;4227;3570;3383;3287;3004;4319;1585,285714;2119;3631,666667
 Orbital area  lateral part  layer 6a (ORBl6a);1037;236;552;1307;207;257;367;346;848;1251;592;1228;379;1682;1489;913;1125;1202;1764;566,1428571;774;1362,5
 Orbital area  medial part  layer 1 (ORBm1);0;0;23;275;0;6;91;1;10;0;3;0;4;27;0;114;77;98;50;56,42857143;3;61
 Orbital area  medial part  layer 2/3 (ORBm2/3);0;57;657;1946;0;49;886;36;580;0;287;13;15;230;67;1250;1964;1123;520;513,5714286;155,1666667;859
 Orbital area  medial part  layer 5 (ORBm5);0;85;736;1722;10;28;568;17;1733;14;1011;256;127;829;730;1322;1564;1464;837;449,8571429;526,3333333;1124,333333
 Orbital area  medial part  layer 6a (ORBm6a);5;72;300;901;74;50;207;14;521;122;340;547;89;635;461;567;469;726;628;229,8571429;272,1666667;581
 Orbital area  ventrolateral part  layer 1 (ORBvl1);22;86;440;3014;45;228;288;34;1277;432;1152;896;172;237;684;338;1281;1437;237;589;660,5;702,3333333
 Orbital area  ventrolateral part  layer 2/3 (ORBvl2/3);200;605;1290;4166;299;501;1081;554;2959;1504;1856;2093;765;1591;2693;1710;3616;1695;1646;1163,142857;1621,833333;2158,5
 Orbital area  ventrolateral part  layer 5 (ORBvl5);223;277;653;1953;202;326;454;373;1359;1161;785;1160;469;1450;1515;1494;1423;1321;1489;584;884,5;1448,666667
 Orbital area  ventrolateral part  layer 6a (ORBvl6a);184;190;353;1239;151;328;376;601;686;738;620;1009;345;1379;946;567;936;740;1419;403;666,5;997,8333333
 Orbital area  ventrolateral part  layer 6b (ORBvl6b);0;1;3;5;0;2;2;1;10;6;6;5;1;5;1;4;3;4;6;1,857142857;4,833333333;3,833333333
 Agranular insular area  posterior part  layer 1 (AIp1);175;366;444;3117;167;312;200;374;1092;455;3712;3301;423;2915;1405;900;2155;1030;2974;683;1559,5;1896,5
 Agranular insular area  posterior part  layer 2/3 (AIp2/3);468;656;1240;4551;628;145;296;952;3035;929;3077;3511;427;4009;2905;2182;4113;2766;4030;1140,571429;1988,5;3334,166667
 Agranular insular area  posterior part  layer 5 (AIp5);1085;1307;1588;3921;726;209;435;2023;3740;1033;2601;2843;534;3963;3418;2705;4427;2817;4065;1324,428571;2129;3565,833333
 Agranular insular area  posterior part  layer 6a (AIp6a);804;814;931;2120;322;275;266;1669;1544;507;1292;1294;298;2250;1832;1611;2268;1394;2319;790,2857143;1100,666667;1945,666667
 Agranular insular area  ventral part  layer 1 (AIv1);766;119;462;2010;358;103;487;505;2140;436;3655;3087;574;2353;1621;1894;1346;1241;2253;615;1732,833333;1784,666667
 Agranular insular area  ventral part  layer 2/3 (AIv2/3);3302;936;1617;4933;1039;272;977;3315;4656;2088;2795;3419;1785;3349;3923;4767;3620;3427;3268;1868;3009,666667;3725,666667
 Agranular insular area  ventral part  layer 5 (AIv5);2143;1112;1445;3329;523;452;582;3211;1962;2031;1520;2375;2026;3603;3313;2811;2879;2582;3523;1369,428571;2187,5;3118,5
 Agranular insular area  ventral part  layer 6a (AIv6a);480;178;311;673;97;135;174;538;407;482;351;660;288;926;729;414;584;583;926;292,5714286;454,3333333;693,6666667
 Agranular insular area  dorsal part  layer 1 (AId1);NaN;NaN;NaN;NaN;NaN;NaN;NaN;NaN;NaN;NaN;NaN;NaN;NaN;NaN;NaN;NaN;NaN;NaN;NaN;#DZIEL/0!;#DZIEL/0!;#DZIEL/0!
 Agranular insular area  dorsal part  layer 2/3 (AId2/3);NaN;NaN;NaN;NaN;NaN;NaN;NaN;NaN;NaN;NaN;NaN;NaN;NaN;NaN;NaN;NaN;NaN;NaN;NaN;#DZIEL/0!;#DZIEL/0!;#DZIEL/0!
 Agranular insular area  dorsal part  layer 5 (AId5);NaN;NaN;NaN;NaN;NaN;NaN;NaN;NaN;NaN;NaN;NaN;NaN;NaN;NaN;NaN;NaN;NaN;NaN;NaN;#DZIEL/0!;#DZIEL/0!;#DZIEL/0!
 Agranular insular area  dorsal part  layer 6a (AId6a);NaN;NaN;NaN;NaN;NaN;NaN;NaN;NaN;NaN;NaN;NaN;NaN;NaN;NaN;NaN;NaN;NaN;NaN;NaN;#DZIEL/0!;#DZIEL/0!;#DZIEL/0!
 Agranular insular area  dorsal part  layer 6b (AId6b);NaN;NaN;NaN;NaN;NaN;NaN;NaN;NaN;NaN;NaN;NaN;NaN;NaN;NaN;NaN;NaN;NaN;NaN;NaN;#DZIEL/0!;#DZIEL/0!;#DZIEL/0!
 Retrosplenial area  lateral agranular part  layer 1 (RSPagl1);30;2;4;83;1;2;51;8;70;2;184;133;41;46;21;19;114;76;45;24,71428571;73;53,5
 Retrosplenial area  lateral agranular part  layer 2/3 (RSPagl2/3);424;63;175;201;23;17;234;107;597;301;1025;848;272;600;57;173;732;522;605;162,4285714;525;448,1666667
 Retrosplenial area  lateral agranular part  layer 5 (RSPagl5);3497;419;913;1377;251;82;678;597;1721;3479;3405;3209;1594;3579;606;1452;2885;1954;3408;1031;2334,166667;2314
 Retrosplenial area  lateral agranular part  layer 6a (RSPagl6a);2052;218;473;730;340;71;584;505;930;2217;1907;1890;870;2303;525;881;1770;853;2320;638,2857143;1386,5;1442
 Retrosplenial area  lateral agranular part  layer 6b (RSPagl6b);22;0;4;8;1;2;7;13;13;23;20;23;11;29;15;5;25;10;18;6,285714286;17,16666667;17
 Retrosplenial area  dorsal part  layer 1 (RSPd1);53;6;59;394;20;0;154;40;268;4;501;311;81;234;71;399;520;204;263;98;200,8333333;281,8333333
 Retrosplenial area  dorsal part  layer 2/3 (RSPd2/3);675;170;542;1854;196;54;786;338;2057;400;3601;2730;1343;2569;888;2089;3055;1898;2518;611;1744,833333;2169,5
 Retrosplenial area  dorsal part  layer 5 (RSPd5);6502;565;1348;4916;547;93;1615;920;5359;5217;8672;8678;3592;9309;3689;4174;7100;5866;9089;2226,571429;5406,333333;6537,833333
 Retrosplenial area  dorsal part  layer 6a (RSPd6a);6043;482;995;3104;810;118;1703;1255;3454;5781;6304;6181;3633;8055;2253;3384;4806;4083;7957;1893,571429;4434,666667;5089,666667
 Retrosplenial area  dorsal part  layer 6b (RSPd6b);136;13;24;74;28;8;62;67;65;131;158;172;124;171;63;66;167;122;148;49,28571429;119,5;122,8333333
 Retrosplenial area  ventral part  layer 1 (RSPv1);413;82;222;913;74;57;350;243;807;305;1211;679;330;678;330;568;1230;179;818;301,5714286;595,8333333;633,8333333
 Retrosplenial area  ventral part  layer 2/3 (RSPv2/3);1976;565;1863;6405;316;188;2183;1408;5802;1625;6951;3053;1605;3302;2926;4937;8099;1883;3836;1928;3407,333333;4163,833333
 Retrosplenial area  ventral part  layer 5 (RSPv5);8555;964;3226;13034;427;275;3270;2636;9955;2301;14102;9759;2944;7704;10526;8321;11914;8447;8622;4250,142857;6949,5;9255,666667
 Retrosplenial area  ventral part  layer 6a (RSPv6a);6402;522;957;5016;565;165;1985;1794;4210;4624;7151;6816;3318;6789;3487;3085;4733;3667;6849;2230,285714;4652,166667;4768,333333
 Retrosplenial area  ventral part  layer 6b (RSPv6b);545;12;54;450;51;8;196;153;394;605;634;686;278;619;189;133;361;368;607;188;458,3333333;379,5
 Temporal association areas  layer 1 (TEa1);63;19;69;102;21;41;67;42;182;41;1156;760;0;219;127;232;291;174;219;54,57142857;363,5;210,3333333
 Temporal association areas  layer 2/3 (TEa2/3);424;194;389;3118;558;106;740;404;2157;775;4174;3994;201;1374;1329;1689;3409;2629;1398;789,8571429;1950,833333;1971,333333
 Temporal association areas  layer 4 (TEa4);354;152;286;1956;285;61;418;379;1558;634;1776;1735;50;822;846;1660;2341;1975;948;501,7142857;1022;1432
 Temporal association areas  layer 5 (TEa5);1668;1193;2272;6764;1200;441;1900;4803;6259;3671;6916;6328;490;6847;4444;6869;9152;6559;6994;2205,428571;4744,5;6810,833333
 Temporal association areas  layer 6a (TEa6a);1172;749;1481;3896;599;376;1278;3706;2587;2047;3134;3000;1020;4841;2238;3301;4475;2949;4872;1364,428571;2582,333333;3779,333333
 Temporal association areas  layer 6b (TEa6b);499;259;491;1117;169;143;469;1367;738;849;1034;990;284;1418;809;1009;1371;920;1406;449,5714286;877;1155,5
 Perirhinal area  layer 1 (PERI1);117;140;436;1953;138;98;296;340;843;211;2519;2256;12;1236;677;705;1416;1180;1308;454;1030,166667;1087
 Perirhinal area  layer 2/3 (PERI2/3);588;634;1828;4850;1248;506;1622;1268;5380;938;5456;4984;133;3702;4814;5004;6269;4505;3751;1610,857143;3026,5;4674,166667
 Perirhinal area  layer 5 (PERI5);1123;1756;2663;5632;1207;692;1317;3380;6053;1658;4688;4154;599;6271;5375;6681;6848;4010;6353;2055,714286;3422;5923
 Perirhinal area  layer 6a (PERI6a);839;933;1278;2560;458;572;693;2028;2159;944;1887;1845;433;3093;2316;2843;2917;1540;3127;1047,571429;1549,333333;2639,333333
 Perirhinal area  layer 6b (PERI6b);297;243;458;819;93;228;320;716;700;344;474;537;192;921;669;805;739;501;963;351,1428571;493,8333333;766,3333333
 Ectorhinal area/Layer 1 (ECT1);138;63;81;562;73;36;217;85;323;59;1442;1201;8;570;176;316;628;320;580;167,1428571;519,6666667;431,6666667
 Ectorhinal area/Layer 2/3 (ECT2/3);375;313;544;4235;811;166;1238;651;3189;705;5185;4703;153;2405;1957;3375;4224;2896;2434;1097,428571;2431;2881,833333
 Ectorhinal area/Layer 5 (ECT5);1149;1018;1749;5148;919;360;1347;3279;4920;1914;4636;4171;476;4833;4150;5481;6128;3787;4912;1670;3232,666667;4881,833333
 Ectorhinal area/Layer 6a (ECT6a);937;698;1167;2795;462;332;871;2617;2111;1166;2025;1966;478;3108;2009;2744;3070;1825;3055;1037,428571;1727,166667;2635,166667
 Ectorhinal area/Layer 6b (ECT6b);420;202;515;939;113;169;394;1075;758;571;641;744;154;1033;608;800;1089;729;1048;393,1428571;657,1666667;884,5
 Olfactory areas (OLF);3928;4633;6466;20751;1515;2174;3556;5899;13466;7127;16814;16766;6637;18293;11799;12224;16934;14591;18592;6146,142857;11118,16667;15405,5
 Main olfactory bulb (MOB);1409;4674;4097;15515;1;445;915;0;8374;1537;14176;6288;1448;13897;7706;13529;13656;10816;13969;3865,142857;5303,833333;12262,16667
 Accessory olfactory bulb  glomerular layer (AOBgl);674;35;181;1212;0;0;6;0;765;635;1003;1180;287;237;605;160;629;371;234;301,1428571;645;372,6666667
 Accessory olfactory bulb  granular layer (AOBgr);199;171;119;559;0;0;26;0;318;230;526;394;5;312;728;475;722;134;315;153,4285714;245,5;447,6666667
 Accessory olfactory bulb  mitral layer (AOBmi);937;228;156;1913;0;5;4;0;1350;736;1339;925;110;405;1491;416;1320;726;402;463,2857143;743,3333333;793,3333333
 Anterior olfactory nucleus (AON);6042;4693;9961;23575;1234;2020;4978;1613;18344;9598;18178;20688;5985;20048;16160;14486;22257;19517;20356;7500,428571;12401;18804
 Taenia tecta (TT);0;954;2608;9681;7;403;2412;1383;3821;153;4518;2315;1103;4309;3147;5496;9641;4636;5106;2295;2215,5;5389,166667
 Dorsal peduncular area (DP);0;243;315;1837;12;158;365;431;600;76;618;382;232;795;614;971;1361;627;878;418,5714286;389,8333333;874,3333333
 Piriform area (PIR);24744;29490;39515;88660;12922;11657;29135;51850;65020;41798;66890;76652;31920;97454;64152;68947;87257;62525;97852;33731,85714;55688,33333;79697,83333
 Nucleus of the lateral olfactory tract  molecular layer (NLOT1);0;74;176;1130;72;28;205;238;892;142;1069;1045;104;1453;374;401;469;463;1455;240,7142857;581,6666667;769,1666667
 Nucleus of the lateral olfactory tract  layer 3 (NLOT3);25;571;788;1467;240;121;379;1183;1335;678;1109;1172;339;1932;590;1211;1473;993;1905;513;969,3333333;1350,666667
 Cortical amygdalar area  anterior part (COAa);2;880;1954;3361;610;322;566;1016;3208;774;3257;3330;884;5525;2452;2891;3378;2685;5563;1099,285714;2078,166667;3749
 Cortical amygdalar area  posterior part (COAp);1020;4157;6318;8712;2236;1209;1971;6600;10912;2547;16061;12918;4283;15121;6844;10564;17050;7445;15247;3660,428571;8886,833333;12045,16667
 Piriform-amygdalar area (PAA);11;1167;2547;4660;784;518;799;479;4344;654;4906;4829;745;5517;3290;3861;5603;3056;5642;1498;2659,5;4494,833333
 Postpiriform transition area (TR);290;1503;2926;4555;753;757;3420;2160;7780;2943;8863;6179;1534;6326;3093;4091;7246;1696;6315;2029,142857;4909,833333;4794,5
 Field CA1 (CA1);28316;11182;14858;46277;6384;4416;9678;24418;34267;23249;55746;50762;14528;51948;21180;21403;38623;14571;52726;17301,57143;33828,33333;33408,5
 Field CA2 (CA2);8369;2330;2588;8545;938;661;1541;4452;6409;4882;9317;8750;3306;4887;4029;4325;5016;1609;5039;3567,428571;6186;4150,833333
 Field CA3 (CA3);25848;13252;13082;31953;5226;3196;6093;19913;27331;20134;33238;31512;9036;30974;16432;26190;29959;12591;31716;14092,85714;23527,33333;24643,66667
 Dentate gyrus  molecular layer (DG-mo);11046;5858;7232;19956;2863;1883;4133;9780;17631;10295;23646;20325;7835;18502;6793;9991;17315;8411;18810;7567,285714;14918,66667;13303,66667
 Dentate gyrus  polymorph layer (DG-po);4541;2692;3176;5126;626;1204;1466;4063;4308;3616;4083;3325;2007;7073;4216;5167;5769;4392;6876;2690,142857;3567;5582,166667
 Dentate gyrus  granule cell layer (DG-sg);6363;3503;4254;8130;1043;1349;2154;5280;7684;4841;8642;7201;3372;11172;4997;6620;8700;5235;11027;3828;6170;7958,5
 Fasciola cinerea (FC);0;32;36;131;0;1;48;36;196;0;198;0;0;0;94;124;230;56;0;35,42857143;71,66666667;84
 Induseum griseum (IG);NaN;NaN;NaN;NaN;NaN;NaN;NaN;NaN;NaN;NaN;NaN;NaN;NaN;NaN;NaN;NaN;NaN;NaN;NaN;#DZIEL/0!;#DZIEL/0!;#DZIEL/0!
 Entorhinal area  lateral part (ENTl);12805;11336;15444;54691;9579;4435;20234;19901;50154;11454;74683;53662;15857;52883;46286;49570;61519;31275;53144;18360,57143;37618,5;49112,83333
 Entorhinal area  medial part  dorsal zone (ENTm);6630;2826;5420;24863;2872;1209;7118;7510;17481;55;25240;19630;7957;29408;19024;14839;22311;6209;29400;7276,857143;12978,83333;20198,5
 Entorhinal area  medial part  ventral zone (ENTmv);195;102;830;590;204;135;566;582;1517;220;2217;1507;390;1489;373;1024;1828;420;1509;374,5714286;1072,166667;1107,166667
 Parasubiculum (PAR);1568;425;1089;8399;842;207;2361;2341;5041;56;7433;6127;2748;8649;5754;4458;7244;2482;8612;2127,285714;3957,666667;6199,833333
 Postsubiculum (POST);2766;294;1154;4450;506;95;1442;1523;5207;1838;5234;4534;2885;6570;4016;3665;6719;3038;6504;1529,571429;3536,833333;5085,333333
 Presubiculum (PRE);2345;599;1835;5825;578;193;1900;2397;4900;1036;6554;5283;2792;7573;5669;4866;7282;3744;7641;1896,428571;3827;6129,166667
 Subiculum (SUB);13725;5262;11325;27885;5321;1912;9396;14036;28004;12284;36714;27489;7038;31103;21232;24663;30370;9233;31722;10689,42857;20927,5;24720,5
 Ventral anterior-lateral complex of the thalamus (VAL);3052;4566;2599;8009;389;813;1072;4379;3978;6510;1264;1777;3040;5271;7914;4182;4494;835;5245;2928,571429;3491,333333;4656,833333
 Ventral medial nucleus of the thalamus (VM);90;1958;2998;5644;240;532;938;1461;4534;3971;1840;2684;2653;3595;1906;3278;3068;1028;3710;1771,428571;2857,166667;2764,166667
 Ventral posterolateral nucleus of the thalamus (VPL);3128;2080;2246;6638;439;703;578;3518;3795;4293;1885;2509;5628;1875;2609;2619;2660;853;1809;2258,857143;3604,666667;2070,833333
 Ventral posteromedial nucleus of the thalamus (VPM);11307;6567;5985;19753;1948;2866;1649;11803;10486;12859;4583;5699;15415;6289;14382;12185;8989;2524;6362;7153,571429;10140,83333;8455,166667
 Subparafascicular nucleus  magnocellular part (SPFm);0;97;201;427;0;10;21;320;133;0;299;148;135;652;38;285;171;331;664;108;172,5;356,8333333
 Subparafascicular nucleus  parvicellular part (SPFp);1186;680;662;2560;221;63;282;1311;1560;1323;1205;1307;993;2076;879;980;1434;437;2022;807,7142857;1283,166667;1304,666667
 Subparafascicular area (SPA);0;16;11;168;0;4;2;110;7;0;50;0;3;106;2;104;46;83;231;28,71428571;28,33333333;95,33333333
 Peripeduncular nucleus (PP);321;232;192;375;46;19;58;367;293;353;178;201;199;560;155;226;349;137;555;177,5714286;265,1666667;330,3333333
 Medial geniculate complex (MG);2414;1137;1681;5927;480;184;580;2464;2992;1757;1725;1686;2002;5046;3892;3934;3113;1046;5127;1771,857143;2104,333333;3693
 Dorsal part of the lateral geniculate complex (LGd);2738;1224;1625;5893;622;355;514;2394;3206;1596;2934;3302;2448;3564;4918;4915;3194;1656;3649;1853;2646,666667;3649,333333
 Ventral part of the lateral geniculate complex (LGv);2355;996;539;2427;312;122;386;2333;1315;1640;1542;1886;1023;1649;1528;1931;1669;1000;1727;1019,571429;1623,166667;1584
 Lateral posterior nucleus of the thalamus (LP);4278;2248;4518;9572;688;397;1327;4255;6775;3833;4866;5009;2372;7110;7741;5193;7153;4110;6985;3289,714286;4518,333333;6382
 Posterior complex of the thalamus (PO);6483;2212;4407;15609;1231;894;2006;7423;9327;7622;4813;5434;5783;10175;14595;8768;6802;1844;10596;4691,714286;6733,666667;8796,666667
 Posterior limiting nucleus of the thalamus (POL);621;244;336;944;122;33;113;523;619;431;489;487;253;959;515;678;668;248;981;344,7142857;467;674,8333333
 Suprageniculate nucleus (SGN);239;104;132;341;26;19;46;174;161;83;142;144;114;312;294;273;184;77;296;129,5714286;136,3333333;239,3333333
 Anteroventral nucleus of thalamus (AV);1664;1879;1557;3618;235;261;607;2928;2510;2465;1435;1282;818;3565;4268;3366;2626;2342;3667;1403;1906,333333;3305,666667
 Anteromedial nucleus (AM);0;1786;1134;2388;48;67;335;2190;2292;1306;1010;931;877;3294;2185;1642;1846;1182;3356;822,5714286;1434,333333;2250,833333
 Anterodorsal nucleus (AD);198;554;730;1067;126;230;351;929;900;575;660;612;220;1379;1634;1322;1327;1389;1365;465,1428571;649,3333333;1402,666667
 Interanteromedial nucleus of the thalamus (IAM);NaN;NaN;NaN;NaN;NaN;NaN;NaN;NaN;NaN;NaN;NaN;NaN;NaN;NaN;NaN;NaN;NaN;NaN;NaN;#DZIEL/0!;#DZIEL/0!;#DZIEL/0!
 Interanterodorsal nucleus of the thalamus (IAD);0;565;243;869;14;27;65;484;389;82;300;175;410;981;473;501;540;450;1010;254,7142857;306,6666667;659,1666667
 Lateral dorsal nucleus of thalamus (LD);8466;3396;4227;11231;1106;1444;1911;2309;8502;5362;4154;3877;2473;7270;9189;6136;6597;2132;7347;4540,142857;4446,166667;6445,166667
 Mediodorsal nucleus of thalamus (MD);0;3291;4545;13941;115;377;1266;5985;6784;2338;3525;2797;4033;13176;6759;8574;7207;3821;14271;3362,142857;4243,666667;8968
 Submedial nucleus of the thalamus (SMT);0;509;866;1501;0;42;117;268;1020;0;501;305;753;1781;245;752;635;498;1903;433,5714286;474,5;969
 Perireunensis nucleus (PR);0;25;77;134;0;4;10;11;143;0;76;84;124;120;3;56;61;21;129;35,71428571;73;65
 Paraventricular nucleus of the thalamus (PVT);0;237;351;735;0;155;77;607;79;0;191;8;5;285;135;485;720;496;455;222,1428571;148,3333333;429,3333333
 Parataenial nucleus (PT);0;903;578;1434;0;67;142;1579;774;0;1007;36;326;1880;616;801;1234;1022;2303;446,2857143;620,3333333;1309,333333
 Nucleus of reuniens (RE);0;657;888;1117;0;58;28;471;426;0;625;66;523;916;48;696;636;481;1327;392,5714286;351,8333333;684
 Rhomboid nucleus (RH);NaN;NaN;NaN;NaN;NaN;NaN;NaN;NaN;NaN;NaN;NaN;NaN;NaN;NaN;NaN;NaN;NaN;NaN;NaN;#DZIEL/0!;#DZIEL/0!;#DZIEL/0!
 Central medial nucleus of the thalamus (CM);0;179;208;395;0;7;3;188;20;0;107;0;40;480;7;266;282;244;783;113,1428571;59,16666667;343,6666667
 Paracentral nucleus (PCN);0;1424;945;2867;65;45;257;1191;1806;999;733;745;1312;2890;1706;1607;1594;553;2846;800,4285714;1131;1866
 Central lateral nucleus of the thalamus (CL);120;580;909;3071;128;115;372;1024;1363;1128;746;930;770;3093;2515;1477;1660;1070;3119;756,4285714;993,5;2155,666667
 Parafascicular nucleus (PF);307;384;774;4087;107;60;562;3398;2220;865;1818;1743;1355;3979;1980;2206;1451;1360;4085;897,2857143;1899,833333;2510,166667
 Reticular nucleus of the thalamus (RT);7553;3572;3774;10319;914;702;1411;6947;8275;7665;6085;6228;2804;5666;5731;3735;5884;2392;5774;4035;6334;4863,666667
 Intergeniculate leaflet of the lateral geniculate complex (IGL);377;79;158;784;65;36;85;368;315;290;223;261;175;495;318;566;196;143;463;226,2857143;272;363,5
 Subgeniculate nucleus (SubG);97;95;43;318;5;2;19;199;165;119;114;154;86;116;63;84;96;66;98;82,71428571;139,5;87,16666667
 Medial habenula (MH);0;288;430;1143;0;39;210;259;821;0;1169;93;0;80;227;724;1234;64;111;301,4285714;390,3333333;406,6666667
 Lateral habenula (LH);0;607;1316;3358;42;90;385;1280;1512;595;1392;1341;454;1982;1052;1695;2274;740;1716;828,2857143;1095,666667;1576,5
 Supraoptic nucleus (SO);0;76;80;326;44;5;52;116;249;54;475;409;87;131;123;105;344;46;107;83,28571429;231,6666667;142,6666667
 Accessory supraoptic group (ASO);0;6;5;2;0;0;1;11;1;0;3;11;1;11;0;3;6;7;9;2;4,5;6
 Paraventricular hypothalamic nucleus (PVH);0;327;563;498;0;35;8;891;134;0;584;66;239;741;60;571;921;739;1044;204,4285714;319;679,3333333
 Arcuate hypothalamic nucleus (ARH);0;45;165;70;0;32;39;29;43;0;1412;1224;73;18;57;215;314;159;23;50,14285714;463,5;131
 Anterodorsal preoptic nucleus (ADP);0;32;132;165;0;6;2;117;41;0;143;4;93;130;10;106;193;122;294;48,14285714;66,33333333;142,5
 Anteroventral preoptic nucleus (AVP);0;89;104;298;0;22;31;119;198;1;413;408;62;183;52;126;352;152;167;77,71428571;200,1666667;172
 Anteroventral periventricular nucleus (AVPV);0;89;35;151;0;3;0;88;22;0;257;77;93;9;17;78;111;79;16;39,71428571;89,5;51,66666667
 Dorsomedial nucleus of the hypothalamus (DMH);0;774;1304;1077;0;140;236;1814;862;0;2735;2655;1281;3016;846;1454;2316;1259;3036;504,4285714;1557,833333;1987,833333
 Median preoptic nucleus (MEPO);0;56;79;234;0;2;0;70;0;0;20;0;106;0;0;83;96;101;26;53;32,66666667;51
 Medial preoptic area (MPO);0;1330;1655;2592;6;106;414;2567;1594;98;4438;3988;1540;3530;746;1276;4171;2436;4050;871,8571429;2370,833333;2701,5
 Posterodorsal preoptic nucleus (PD);0;3;17;13;0;1;0;13;17;0;12;16;7;18;4;6;18;12;17;4,857142857;10,83333333;12,5
 Parastrial nucleus (PS);0;30;78;142;0;21;11;80;121;5;118;150;62;223;100;92;140;118;220;40,28571429;89,33333333;148,8333333
 Periventricular hypothalamic nucleus  posterior part (PVp);0;102;50;62;0;5;34;85;22;0;784;687;104;45;58;184;161;151;45;36,14285714;280,3333333;107,3333333
 Subparaventricular zone (SBPV);0;222;193;229;0;12;4;449;13;0;718;294;104;271;50;193;456;207;303;94,28571429;263;246,6666667
 Suprachiasmatic nucleus (SCH);0;113;106;114;0;8;0;128;0;0;419;164;25;2;0;40;109;85;1;48,71428571;122,6666667;39,5
 Subfornical organ (SFO);NaN;NaN;NaN;NaN;NaN;NaN;NaN;NaN;NaN;NaN;NaN;NaN;NaN;NaN;NaN;NaN;NaN;NaN;NaN;#DZIEL/0!;#DZIEL/0!;#DZIEL/0!
 Ventrolateral preoptic nucleus (VLPO);0;25;31;121;0;4;32;31;87;11;209;274;48;79;43;37;137;24;77;30,42857143;110;66,16666667
 Anterior hypothalamic nucleus (AHN);0;1949;1853;2234;83;139;484;3853;1920;216;5404;5746;1376;3680;1212;1321;4921;2024;3687;963,1428571;3085,833333;2807,5
 Lateral mammillary nucleus (LM);0;27;2;221;18;1;21;65;42;10;178;204;77;81;26;34;65;22;75;41,42857143;96;50,5
 Medial mammillary nucleus (MM);0;230;119;1352;0;11;158;532;541;3;2632;2727;787;967;121;383;883;300;952;267,1428571;1203,666667;601
 Supramammillary nucleus (SUM);0;206;212;673;5;47;94;666;309;13;671;715;375;1117;144;355;583;400;1144;176,7142857;458,1666667;623,8333333
 Tuberomammillary nucleus  dorsal part (TMd);0;18;8;21;0;0;0;15;0;0;90;73;16;34;1;43;3;12;36;6,714285714;32,33333333;21,5
 Tuberomammillary nucleus  ventral part (TMv);0;29;10;84;10;2;24;38;37;13;203;202;77;49;13;25;157;35;39;22,71428571;95;53
 Medial preoptic nucleus (MPN);0;203;297;323;0;2;75;421;261;0;1436;964;425;691;91;218;928;616;770;128,5714286;584,5;552,3333333
 Dorsal premammillary nucleus (PMd);0;119;103;303;0;8;45;272;170;0;617;711;245;327;49;141;294;108;340;82,57142857;335,8333333;209,8333333
 Ventral premammillary nucleus (PMv);0;102;87;159;0;0;98;172;124;8;824;864;286;164;84;115;617;170;170;63,71428571;379,6666667;220
 Ventromedial hypothalamic nucleus (VMH);0;490;1362;679;1;64;409;597;1108;11;3827;4623;1284;2059;717;523;3234;641;2076;429,2857143;1908,333333;1541,666667
 Posterior hypothalamic nucleus (PH);0;1177;1382;2202;2;156;191;2396;741;12;2323;1987;1212;3772;520;2034;1825;1667;3796;730;1445,166667;2269
 Lateral hypothalamic area (LHA);1392;6682;9702;13893;3023;1007;2652;17107;12240;5185;18306;21382;8790;21467;9507;6889;22810;11058;21526;5478,714286;13835;15542,83333
 Lateral preoptic area (LPO);18;1903;2370;3991;433;225;686;4128;3623;969;5348;5293;1760;6213;2343;1947;6711;3291;6719;1375,142857;3520,166667;4537,333333
 Preparasubthalamic nucleus (PST);2;12;56;63;13;7;11;78;69;9;61;51;63;126;88;49;105;27;124;23,42857143;55,16666667;86,5
 Parasubthalamic nucleus (PSTN);3;92;247;223;78;56;32;353;162;36;207;241;214;485;153;265;350;190;477;104,4285714;202,1666667;320
 Retrochiasmatic area (RCH);0;432;539;445;16;62;142;513;537;74;2229;2408;92;149;153;235;1600;320;139;233,7142857;975,5;432,6666667
 Subthalamic nucleus (STN);419;666;699;1255;167;197;98;928;890;339;663;949;669;1318;880;1280;967;392;1334;500,1428571;739,6666667;1028,5
 Tuberal nucleus (TU);0;257;1029;1038;217;89;412;683;1423;196;3565;3926;1097;803;409;751;2785;966;819;434,5714286;1815;1088,833333
 Zona incerta (ZI);2279;4212;4012;9482;944;535;976;5588;7222;4451;5318;6601;7448;7045;3640;4420;6163;2187;6887;3205,714286;6104,666667;5057
 Fields of Forel (FF);32;169;108;340;15;11;38;192;221;184;215;231;192;165;95;220;264;86;167;101,8571429;205,8333333;166,1666667
 Nucleus of the lateral lemniscus (NLL);997;1003;1173;6272;384;302;790;2581;3890;0;2874;2616;1309;4006;2951;3970;3399;785;4184;1560,142857;2211,666667;3215,833333
 Principal sensory nucleus of the trigeminal (PSV);2031;1729;1443;7399;379;1156;758;3345;2149;0;3330;2556;2856;2487;2594;4551;1423;1239;2523;2127,857143;2372,666667;2469,5
 Parabrachial nucleus (PB);1548;1283;1536;5288;436;439;908;2036;1883;0;2842;3107;2331;5633;1841;3681;3605;1791;5768;1634;2033,166667;3719,833333
 Superior olivary complex  periolivary region (POR);0;343;394;989;20;226;146;0;586;0;767;557;933;825;475;351;424;208;850;302,5714286;473,8333333;522,1666667
 Superior olivary complex  medial part (SOCm);0;524;704;1163;2;231;222;0;686;0;930;670;895;1380;486;320;470;265;1358;406,5714286;530,1666667;713,1666667
 Superior olivary complex  lateral part (SOCl);37;567;894;1118;45;526;287;0;891;0;1225;865;991;1135;944;543;347;456;1163;496,2857143;662;764,6666667
 Barrington's nucleus (B);0;4;0;45;0;2;4;1;0;0;40;17;41;72;14;61;50;35;67;7,857142857;16,5;49,83333333
 Dorsal tegmental nucleus (DTN);0;0;24;138;0;18;21;23;0;0;205;149;0;13;13;113;0;223;28;28,71428571;62,83333333;65
 Pontine central gray (PCG);6;79;142;992;6;144;142;269;0;0;666;504;457;1331;299;778;393;503;1409;215,8571429;316;785,5
 Pontine gray (PG);0;1069;2035;2688;67;1246;2069;1441;4159;133;2107;1298;3434;1989;2271;4618;2551;2182;1974;1310,571429;2095,333333;2597,5
 Supratrigeminal nucleus (SUT);172;225;411;1390;89;242;127;351;329;0;645;567;671;1078;233;552;443;296;1090;379,4285714;427,1666667;615,3333333
 Tegmental reticular nucleus (TRN);0;437;921;5349;18;232;1177;2172;3222;3;2687;1530;2614;3361;1916;4051;2508;1320;3320;1162;2038;2746
 Motor nucleus of trigeminal (V);748;1099;929;3517;159;665;234;1717;708;0;1270;951;1584;3249;1229;2110;1411;586;3242;1050,142857;1038,333333;1971,166667
 Superior central nucleus raphe (CS);0;61;1018;3271;0;111;293;1685;1026;0;2177;2512;114;2897;202;1336;36;897;2861;679,1428571;1252,333333;1371,5
 Laterodorsal tegmental nucleus (LDT);0;11;102;447;1;43;110;156;66;0;315;243;143;427;235;608;376;264;407;102;153,8333333;386,1666667
 Nucleus incertus (NI);0;13;35;333;0;42;37;113;0;0;188;144;100;240;42;182;20;108;306;65,71428571;90,83333333;149,6666667
 Pontine reticular nucleus (PRNr);457;4710;6604;21444;637;1289;4052;9957;11005;55;15060;13773;6810;20174;7956;8045;14951;3900;20369;5599;9443,333333;12565,83333
 Nucleus raphe pontis (RPO);0;0;30;150;0;19;2;87;0;0;89;56;0;106;0;66;0;27;87;28,71428571;38,66666667;47,66666667
 Subceruleus nucleus (SLC);21;37;78;222;23;58;30;103;0;0;112;137;172;273;63;109;104;87;265;67;87,33333333;150,1666667
 Sublaterodorsal nucleus (SLD);1;91;153;455;27;91;63;248;91;0;246;198;273;690;258;469;356;260;707;125,8571429;176;456,6666667
 Ventral cochlear nucleus (VCO);1128;435;233;2276;103;569;254;489;337;0;869;698;179;126;535;541;187;335;110;714;428,6666667;305,6666667
 Nucleus of the trapezoid body (NTB);0;585;448;737;0;594;207;0;591;0;759;652;1006;867;550;490;544;220;883;367,2857143;501,3333333;592,3333333
 Facial motor nucleus (VII);NaN;NaN;NaN;NaN;NaN;NaN;NaN;NaN;NaN;NaN;NaN;NaN;NaN;NaN;NaN;NaN;NaN;NaN;NaN;#DZIEL/0!;#DZIEL/0!;#DZIEL/0!
 Accessory facial motor nucleus (ACVII);NaN;NaN;NaN;NaN;NaN;NaN;NaN;NaN;NaN;NaN;NaN;NaN;NaN;NaN;NaN;NaN;NaN;NaN;NaN;#DZIEL/0!;#DZIEL/0!;#DZIEL/0!
 Magnocellular reticular nucleus (MARN);NaN;NaN;NaN;NaN;NaN;NaN;NaN;NaN;NaN;NaN;NaN;NaN;NaN;NaN;NaN;NaN;NaN;NaN;NaN;#DZIEL/0!;#DZIEL/0!;#DZIEL/0!
 Claustrum (CLA);2547;2346;2423;4666;667;1206;700;3833;2654;1508;2475;2523;1767;4460;3942;3703;4105;2324;4407;2079,285714;2460;3823,5
 Endopiriform nucleus  dorsal part (EPd);7507;4866;8874;17314;3043;2662;3096;8947;12317;8087;11845;12379;4690;19287;14445;14555;17252;10734;19853;6766;9710,833333;16021
 Endopiriform nucleus  ventral part (EPv);880;1287;1657;3612;463;545;778;3134;3215;1942;3347;3543;958;4682;2021;2457;4473;1829;4666;1317,428571;2689,833333;3354,666667
 Lateral amygdalar nucleus (LA);1539;1189;2479;5280;1195;916;708;1565;4803;1048;4293;4883;1173;5963;4306;6225;6814;2676;6200;1900,857143;2960,833333;5364
 Basolateral amygdalar nucleus  anterior part (BLAa);2176;1198;2556;4837;634;1025;1266;3458;3909;2711;3471;3847;1830;7202;3891;3127;7091;2707;7664;1956;3204,333333;5280,333333
 Basolateral amygdalar nucleus  posterior part (BLAp);907;778;1562;5008;916;537;1606;3193;5090;2226;4299;4071;844;5351;4350;4423;7603;2890;5484;1616,285714;3287,166667;5016,833333
 Basolateral amygdalar nucleus  ventral part (BLAv);104;431;1193;2131;188;165;489;801;2219;431;1791;1730;349;2051;820;1441;2105;885;2123;671,5714286;1220,166667;1570,833333
 Basomedial amygdalar nucleus (BMA);808;2672;4919;6356;1130;966;1176;5215;6842;2513;7158;7900;2012;10187;3866;4896;10607;4172;10152;2575,285714;5273,333333;7313,333333
 Posterior amygdalar nucleus (PA);479;687;789;1562;686;123;366;1746;1836;795;2738;1931;492;2586;1183;2054;3486;1135;2657;670,2857143;1589,666667;2183,5
 Caudoputamen (CP);91132;55628;63435;138270;19514;36453;23718;104537;122822;89178;111034;119814;42680;146820;98512;83156;103832;49451;145285;61164,28571;98344,16667;104509,3333
 Nucleus accumbens (ACB);2577;8210;9354;20273;4095;3264;4118;13914;17323;10259;23068;26057;7463;34238;15044;13836;24437;11649;35043;7413;16347,33333;22374,5
 Fundus of striatum (FS);638;678;1174;1910;286;210;297;2350;1501;1455;1485;2195;809;3074;1453;1050;2155;853;3038;741,8571429;1632,5;1937,166667
 Olfactory tubercle (OT);22;2502;4601;14197;3827;1103;1845;4839;8544;839;21508;22575;4292;30724;11190;16347;29589;11372;31352;4013,857143;10432,83333;21762,33333
 Lateral septal nucleus  caudal (caudodorsal) part (LSc);0;398;600;4172;126;171;656;970;2240;132;3037;1547;1058;3918;1085;2598;3378;3758;3665;874,7142857;1497,333333;3067
 Lateral septal nucleus  rostral (rostroventral) part (LSr);0;3979;4432;13330;109;403;1121;9047;6400;523;6395;2294;1960;11127;2765;7136;11919;10056;12558;3339,142857;4436,5;9260,166667
 Lateral septal nucleus  ventral part (LSv);0;178;469;715;6;12;44;846;635;29;540;296;178;1020;287;529;907;995;1050;203,4285714;420,6666667;798
 Septofimbrial nucleus (SF);0;182;532;1724;38;27;193;1176;890;70;1070;425;226;1860;747;1180;1700;1580;1876;385,1428571;642,8333333;1490,5
 Septohippocampal nucleus (SH);NaN;NaN;NaN;NaN;NaN;NaN;NaN;NaN;NaN;NaN;NaN;NaN;NaN;NaN;NaN;NaN;NaN;NaN;NaN;#DZIEL/0!;#DZIEL/0!;#DZIEL/0!
 Striatum-like amygdalar nuclei (sAMY);410;404;625;1450;262;190;259;1299;945;564;1226;1453;526;1812;1076;1169;1806;1095;1800;514,2857143;1002,166667;1459,666667
 Anterior amygdalar area (AAA);717;1822;1344;3760;423;252;640;3812;3280;2118;3145;3702;1359;4881;2355;2062;3407;1954;4774;1279,714286;2902,666667;3238,833333
 Bed nucleus of the accessory olfactory tract (BA);33;163;273;472;38;25;172;483;426;97;400;426;181;614;345;126;705;284;590;168;335,5;444
 Central amygdalar nucleus (CEA);3905;2958;4729;7379;1346;1639;1702;6676;6123;3836;5549;6858;2331;8904;5449;3256;8942;3727;8982;3379,714286;5228,833333;6543,333333
 Intercalated amygdalar nucleus (IA);378;482;690;1201;249;179;231;1301;963;631;1211;1385;540;1674;828;716;1731;727;1661;487,1428571;1005,166667;1222,833333
 Medial amygdalar nucleus (MEA);2144;2805;6020;9646;2136;821;2368;8752;8508;3332;7624;8867;3661;13845;7742;8097;13334;7193;13623;3705,714286;6790,666667;10639
 Globus pallidus  external segment (GPe);6211;2370;4059;8824;665;606;908;5436;8895;5900;7229;8613;3183;6324;6229;3921;4437;2478;6373;3377,571429;6542,666667;4960,333333
 Globus pallidus  internal segment (GPi);1986;828;1551;2489;265;134;268;1322;2167;1216;2079;2610;753;2176;1990;850;2116;654;2149;1074,428571;1691,166667;1655,833333
 Substantia innominata (SI);3505;6230;8939;13901;2153;1486;2560;13587;12403;7564;13727;16596;4134;19682;10209;7251;15931;7711;19746;5539,142857;11335,16667;13421,66667
 Magnocellular nucleus (MA);67;1104;1268;2107;237;221;370;2008;1995;1262;1677;1847;588;3129;1547;1820;2573;1283;3159;767,7142857;1562,833333;2251,833333
 Medial septal nucleus (MS);0;609;767;2103;0;42;19;989;142;0;358;0;434;152;4;584;1690;687;873;505,7142857;320,5;665
 Diagonal band nucleus (NDB);1;1905;1796;6352;220;142;700;1556;2915;607;4012;3687;1305;5452;1525;1950;5590;2129;6171;1588;2347;3802,833333
 Triangular nucleus of septum (TRS);0;120;368;1221;0;9;92;998;404;0;671;14;175;1078;262;938;1387;594;1245;258,5714286;377;917,3333333
 Bed nuclei of the stria terminalis (BST);0;3379;5082;5657;961;627;913;6927;7870;2036;8136;8532;2432;9812;3843;4615;9451;5574;9711;2374,142857;5988,833333;7167,666667
 Bed nucleus of the anterior commissure (BAC);0;19;27;19;0;0;2;11;55;0;50;21;15;68;19;16;65;54;60;9,571428571;25,33333333;47
 Superior colliculus  optic layer (SCop);2127;677;1085;2937;509;69;1137;1239;2731;1127;3314;2697;1603;4945;2823;2514;4564;1322;4969;1220,142857;2118,5;3522,833333
 Superior colliculus  superficial gray layer (SCsg);3534;950;2221;6587;1203;261;2293;2267;4838;2488;7769;6380;4032;8728;4954;6089;9733;4156;8337;2435,571429;4629;6999,5
 Inferior colliculus (IC);10459;4267;6083;21356;2276;1835;3591;4715;9725;275;17935;15160;11339;31556;18565;13268;22653;5333;31184;7123,857143;9858,166667;20426,5
 Nucleus of the brachium of the inferior colliculus (NB);463;154;469;1129;209;23;240;705;849;378;578;603;325;1505;774;455;1272;506;1531;383,8571429;573;1007,166667
 Nucleus sagulum (SAG);172;76;111;737;85;3;145;477;423;0;593;632;174;1021;479;263;604;112;1080;189,8571429;383,1666667;593,1666667
 Parabigeminal nucleus (PBG);88;19;43;686;117;2;246;228;349;0;602;450;205;1148;580;247;586;66;1176;171,5714286;305,6666667;633,8333333
 Midbrain trigeminal nucleus (MEV);16;36;18;124;13;26;21;90;36;0;73;63;72;254;73;162;115;72;239;36,28571429;55,66666667;152,5
 Substantia nigra  reticular part (SNr);2140;4084;4272;9296;1016;809;1752;4814;8844;6116;6577;6609;3430;12284;4657;4266;7105;1877;12447;3338,428571;6065;7106
 Ventral tegmental area (VTA);62;2268;2264;5912;142;395;646;3382;2795;616;3361;3606;2437;6137;690;2160;2990;1222;6203;1669,857143;2699,5;3233,666667
 Midbrain reticular nucleus (MRN);6099;9035;11860;39868;3130;1317;5853;19329;22562;9824;22822;25907;9877;36707;17917;17678;25339;7317;38042;11023,14286;18386,83333;23833,33333
 Superior colliculus  motor related  deep gray layer (SCdg);2091;1446;2752;4782;331;152;1551;2226;6798;1539;8183;7924;1705;6881;2901;2253;4319;2109;7000;1872,142857;4729,166667;4243,833333
 Superior colliculus  motor related  deep white layer (SCdw);490;375;653;1467;70;53;421;736;1828;183;1858;2136;322;2089;720;632;1216;588;2103;504,1428571;1177,166667;1224,666667
 Superior colliculus  motor related  intermediate white layer (SCiw);6801;3202;5678;9441;1015;468;2927;3700;11610;5680;12453;10631;4959;15726;9038;7935;12230;6166;16211;4218,857143;8172,166667;11217,66667
 Superior colliculus  motor related  intermediate gray layer (SCig);7489;3093;4925;11087;1238;457;3608;3989;9872;6662;12140;10358;5859;15971;8423;8072;13731;4962;16226;4556,714286;8146,666667;11230,83333
 Periaqueductal gray (PAG);1304;3683;7931;16519;428;1413;4414;10903;10691;291;16545;17348;2966;12839;6215;12124;12298;10169;13204;5098,857143;9790,666667;11141,5
 Precommissural nucleus (PRC);0;154;195;720;1;34;87;510;200;13;446;308;59;164;257;429;447;277;144;170,1428571;256;286,3333333
 Interstitial nucleus of Cajal (INC);0;95;87;511;0;8;31;187;205;0;229;212;13;447;205;256;190;112;396;104,5714286;141;267,6666667
 Nucleus of Darkschewitsch (ND);0;40;53;237;0;7;11;119;89;0;108;112;3;50;54;173;65;71;49;49,71428571;71,83333333;77
 Anterior pretectal nucleus (APN);5344;3449;4197;9189;719;367;1063;4934;6174;3673;5015;5020;2393;6864;5415;5735;6122;3088;6884;3475,428571;4534,833333;5684,666667
 Medial pretectal area (MPT);0;182;217;581;0;2;106;187;427;20;506;334;28;36;201;412;601;241;26;155,4285714;250,3333333;252,8333333
 Nucleus of the optic tract (NOT);800;231;304;692;31;19;162;273;464;514;342;443;242;533;468;256;538;326;524;319,8571429;379,6666667;440,8333333
 Nucleus of the posterior commissure (NPC);124;536;712;2205;70;63;361;1861;883;387;1007;962;463;1647;963;1353;969;900;1620;581,5714286;927,1666667;1242
 Olivary pretectal nucleus (OP);54;94;102;266;9;6;180;59;403;114;438;499;102;161;280;273;694;199;113;101,5714286;269,1666667;286,6666667
 Posterior pretectal nucleus (PPT);209;176;239;454;20;16;92;378;390;193;309;349;55;410;214;227;461;240;365;172,2857143;279;319,5
 Cuneiform nucleus (CUN);467;684;546;2244;213;62;394;1077;1048;0;1395;1676;621;1822;1361;1071;1618;372;1901;658,5714286;969,5;1357,5
 Red nucleus (RN);121;1537;1932;7125;228;1202;664;1562;2699;2175;2660;2530;1913;4876;3309;2127;3272;685;4955;1829,857143;2256,5;3204
 Oculomotor nucleus (III);NaN;NaN;NaN;NaN;NaN;NaN;NaN;NaN;NaN;NaN;NaN;NaN;NaN;NaN;NaN;NaN;NaN;NaN;NaN;#DZIEL/0!;#DZIEL/0!;#DZIEL/0!
 Trochlear nucleus (IV);0;0;8;64;0;1;1;19;37;0;15;28;0;0;1;42;0;8;27;10,57142857;16,5;13
 Ventral tegmental nucleus (VTN);0;0;82;479;0;17;35;145;188;0;160;145;0;448;86;219;0;65;505;87,57142857;106,3333333;220,5
 Anterior tegmental nucleus (AT);0;0;27;133;0;5;21;40;67;0;63;55;2;73;52;51;32;16;75;26,57142857;37,83333333;49,83333333
 Lateral terminal nucleus of the accessory optic tract (LT);26;25;15;55;0;0;6;31;41;35;25;34;29;80;13;12;21;6;76;18,14285714;32,5;34,66666667
 Substantia nigra  compact part (SNc);388;621;709;1379;127;184;275;896;1216;925;798;914;636;1974;580;634;1254;299;1945;526,1428571;897,5;1114,333333
 Pedunculopontine nucleus (PPN);602;777;1093;3532;319;121;641;1194;2385;0;2567;2987;853;3163;1772;1462;2385;822;3284;1012,142857;1664,333333;2148
 Interfascicular nucleus raphe (IF);NaN;NaN;NaN;NaN;NaN;NaN;NaN;NaN;NaN;NaN;NaN;NaN;NaN;NaN;NaN;NaN;NaN;NaN;NaN;#DZIEL/0!;#DZIEL/0!;#DZIEL/0!
 Interpeduncular nucleus (IPN);0;265;581;1055;0;95;58;543;245;0;792;871;319;824;45;298;51;188;815;293,4285714;461,6666667;370,1666667
 Central linear nucleus raphe (CLI);0;147;106;175;0;10;0;118;23;0;88;97;1;55;7;60;0;78;59;62,57142857;54,5;43,16666667
