 Name(abbreviation);Water_Raw_Fos_mouse#1;Water_Raw_Fos_mouse#2;Water_Raw_Fos_mouse#3;Water_Raw_Fos_mouse#4;Water_Raw_Fos_mouse#5;Water_Raw_Fos_mouse#6;Water_Raw_Fos_mouse#7;Sugar_1_d_Raw_Fos_mouse#1;Sugar_1_d_Raw_Fos_mouse#2;Sugar_1_d_Raw_Fos_mouse#3;Sugar_1_d_Raw_Fos_mouse#4;Sugar_1_d_Raw_Fos_mouse#5;Sugar_7_d_Raw_Fos_mouse#1;Sugar_7_d_Raw_Fos_mouse#2;Sugar_7_d_Raw_Fos_mouse#3;Sugar_7_d_Raw_Fos_mouse#4;Sugar_7_d_Raw_Fos_mouse#5;Sugar_7_d_Raw_Fos_mouse#6;Sugar_7_d_Raw_Fos_mouse#7;Average_Water_Raw_Fos;Average_Sugar_1_d_Raw_Fos;Average_Sugar_7_d_Raw_Fos
 Frontal pole  layer 1 (FRP1);625;1015;1184;382;412;124;1531;2998;1150;2342;843;0;625;1097;3540;1835;71;840;563;753,2857143;1466,6;1224,428571
 Frontal pole  layer 2/3 (FRP2/3);248;261;341;105;75;25;663;939;211;495;212;0;53;500;842;366;15;366;56;245,4285714;371,4;314
 Primary motor area  Layer 1 (MOp1);2515;4389;10997;2313;11743;2232;13136;20811;12067;21402;12639;1762;11137;8695;16150;17205;1079;7829;8756;6760,714286;13736,2;10121,57143
 Primary motor area  Layer 2/3 (MOp2/3);26560;15611;31223;19284;50712;10288;27308;71530;49559;73196;61278;3540;25993;48029;67261;81575;9415;59432;25328;25855,14286;51820,6;45290,42857
 Primary motor area  Layer 5 (MOp5);28126;10026;19849;31253;59233;9749;23092;46156;38404;34404;50114;1124;21474;41668;44920;37226;11381;56896;21302;25904;34040,4;33552,42857
 Primary motor area  Layer 6a (MOp6a);14348;5176;10529;15608;21671;5421;15486;24183;27283;15671;25483;712;13239;28359;20070;16658;5899;28677;13429;12605,57143;18666,4;18047,28571
 Primary motor area  Layer 6b (MOp6b);1565;798;1288;2721;3420;748;2573;3361;4090;2604;3721;173;1991;5573;2876;2382;1309;4218;2031;1873,285714;2789,8;2911,428571
 Secondary motor area  layer 1 (MOs1);3866;3287;5971;792;6568;1200;10058;15121;6161;9205;6373;0;6705;6487;18077;5480;622;6077;4777;4534,571429;7372;6889,285714
 Secondary motor area  layer 2/3 (MOs2/3);15648;7749;14957;5368;24584;3667;17597;38661;24770;33791;30577;0;16452;25205;37403;29499;2789;29308;13847;12795,71429;25559,8;22071,85714
 Secondary motor area  layer 5 (MOs5);14034;7097;14248;13284;31437;4530;14181;24541;24135;26915;27402;0;14744;26173;25985;24316;5408;32322;14074;14115,85714;20598,6;20431,71429
 Secondary motor area  layer 6a (MOs6a);5216;1609;3270;5862;8540;1933;5592;8378;9897;7966;8792;0;4904;9906;7814;7598;1954;11267;4917;4574,571429;7006,6;6908,571429
 Secondary motor area  layer 6b (MOs6b);199;66;206;385;386;79;442;638;746;355;388;0;279;929;547;259;111;605;264;251,8571429;425,4;427,7142857
 Primary somatosensory area  barrel field  layer 1 (SSp-bfd1);213;741;2258;480;3626;373;4126;3319;2601;3686;2486;2913;3104;2570;1763;3118;251;982;3005;1688,142857;3001;2113,285714
 Primary somatosensory area  barrel field  layer 2/3 (SSp-bfd2/3);7835;8781;17118;6501;14014;3989;14136;20224;20341;24569;20790;13807;10889;23774;14675;24964;3651;12873;11334;10339,14286;19946,2;14594,28571
 Primary somatosensory area  barrel field  layer 4 (SSp-bfd4);5547;3291;2902;4865;7021;1237;4218;8098;7430;7774;9033;8077;5217;8527;7831;7564;1844;7058;4808;4154,428571;8082,4;6121,285714
 Primary somatosensory area  barrel field  layer 5 (SSp-bfd5);9601;2886;3432;8843;18982;1305;7541;14697;12656;8404;16134;13481;7649;13725;14166;8818;4025;13188;6628;7512,857143;13074,4;9742,714286
 Primary somatosensory area  barrel field  layer 6a (SSp-bfd6a);5885;2291;4555;6457;9875;2541;5410;9430;7450;4235;10643;7810;4362;8546;8142;5068;2848;10455;4254;5287,714286;7913,6;6239,285714
 Primary somatosensory area  barrel field  layer 6b (SSp-bfd6b);614;700;899;1372;1554;395;766;1395;1114;1004;1964;1362;1176;1124;1043;956;585;2302;1058;900;1367,8;1177,714286
 Primary somatosensory area  lower limb  layer 1 (SSp-ll1);117;123;365;341;456;201;605;975;457;1233;992;1258;1351;1196;1230;1492;121;544;919;315,4285714;983;979
 Primary somatosensory area  lower limb  layer 2/3 (SSp-ll2/3);2223;1114;1648;2441;3580;1052;2091;4984;3900;4915;4892;3676;4045;6758;5219;5931;1170;4705;3414;2021,285714;4473,4;4463,142857
 Primary somatosensory area  lower limb  layer 4 (SSp-ll4);1538;538;503;1418;2660;422;724;2074;1603;1371;2481;1572;1262;2476;2253;2034;466;2242;1191;1114,714286;1820,2;1703,428571
 Primary somatosensory area  lower limb  layer 5 (SSp-ll5);3204;1179;1009;2808;5646;634;2066;4102;3661;2823;5269;3311;2639;4803;3545;3160;1049;4659;2625;2363,714286;3833,2;3211,428571
 Primary somatosensory area  lower limb  layer 6a (SSp-ll6a);2088;866;1091;1446;2341;475;1633;2625;2831;2062;3529;2074;1532;2605;1565;2125;558;3176;1516;1420;2624,2;1868,142857
 Primary somatosensory area  lower limb  layer 6b (SSp-ll6b);359;272;267;395;667;122;351;440;527;554;746;509;341;400;202;352;156;861;323;347,5714286;555,2;376,4285714
 Primary somatosensory area  mouth  layer 1 (SSp-m1);292;1032;3714;551;5747;524;4544;6795;5295;6327;3311;2093;1693;2330;3874;4122;218;1648;1620;2343,428571;4764,2;2215
 Primary somatosensory area  mouth  layer 2/3 (SSp-m2/3);7052;11445;17100;6751;20025;2769;10996;26504;21764;29317;20426;5305;6783;18778;28501;29006;3785;16977;6981;10876,85714;20663,2;15830,14286
 Primary somatosensory area  mouth  layer 4 (SSp-m4);7359;3061;3859;6328;12733;1912;3393;9786;6572;9068;8727;2134;3901;7815;12554;9977;3199;12332;3810;5520,714286;7257,4;7655,428571
 Primary somatosensory area  mouth  layer 5 (SSp-m5);11365;3669;7129;11467;17287;2753;6250;15006;9573;11125;13562;2450;6719;10591;14076;11836;3814;17693;6675;8560;10343,2;10200,57143
 Primary somatosensory area  mouth  layer 6a (SSp-m6a);6537;1516;3386;6454;8467;1061;4742;7248;6825;5156;7638;354;4961;8721;5944;5185;2593;9439;4861;4594,714286;5444,2;5957,714286
 Primary somatosensory area  mouth  layer 6b (SSp-m6b);502;106;177;549;615;74;408;653;602;300;486;35;406;937;487;391;231;698;373;347,2857143;415,2;503,2857143
 Primary somatosensory area  nose  layer 1 (SSp-n1);91;410;1535;222;2802;192;2346;3528;2057;2720;2559;5182;1247;1617;1235;1336;59;688;1114;1085,428571;3209,2;1042,285714
 Primary somatosensory area  nose  layer 2/3 (SSp-n2/3);2841;3797;9692;2962;11002;1491;7558;17041;13808;14451;14320;15438;5168;14016;13155;13957;1216;7904;5226;5620,428571;15011,6;8663,142857
 Primary somatosensory area  nose  layer 4 (SSp-n4);2957;1124;1270;3339;5854;803;2303;6209;4320;4899;5913;6011;3007;5279;7136;6353;1370;6229;2855;2521,428571;5470,4;4604,142857
 Primary somatosensory area  nose  layer 5 (SSp-n5);7485;1127;1606;7274;11657;1106;4089;8235;5845;4565;7892;7346;4227;7109;7519;5883;2248;9992;3976;4906,285714;6776,6;5850,571429
 Primary somatosensory area  nose  layer 6a (SSp-n6a);4498;1086;1623;4405;7722;879;3494;4795;3360;3065;4482;5698;2188;5943;4125;2938;1321;6793;2254;3386,714286;4280;3651,714286
 Primary somatosensory area  nose  layer 6b (SSp-n6b);325;36;96;402;796;71;320;409;384;155;180;485;259;479;402;137;105;402;367;292,2857143;322,6;307,2857143
 Primary somatosensory area  trunk  layer 1 (SSp-tr1);18;24;92;73;106;19;247;80;102;105;46;329;330;118;124;143;14;65;41;82,71428571;132,4;119,2857143
 Primary somatosensory area  trunk  layer 2/3 (SSp-tr2/3);768;368;762;1064;1931;157;1254;2330;2115;1612;1839;1724;1540;2917;2186;2038;440;2287;1018;900,5714286;1924;1775,142857
 Primary somatosensory area  trunk  layer 4 (SSp-tr4);493;226;371;554;1097;64;457;953;803;714;929;604;454;1016;1069;834;306;1039;408;466;800,6;732,2857143
 Primary somatosensory area  trunk  layer 5 (SSp-tr5);1981;817;1224;2146;5014;293;1767;3567;3017;2911;3344;2171;1762;3896;3375;3463;1243;3598;1927;1891,714286;3002;2752
 Primary somatosensory area  trunk  layer 6a (SSp-tr6a);713;277;471;780;1012;185;808;1353;1194;1050;1493;906;724;1409;601;1027;443;1267;801;606,5714286;1199,2;896
 Primary somatosensory area  trunk  layer 6b (SSp-tr6b);123;60;92;136;275;37;125;263;175;219;309;161;171;177;79;125;60;241;195;121,1428571;225,4;149,7142857
 Primary somatosensory area  upper limb  layer 1 (SSp-ul1);221;367;1298;432;1885;347;2593;1591;2568;2524;1457;3457;3017;1615;1455;2657;105;908;2087;1020,428571;2319,4;1692
 Primary somatosensory area  upper limb  layer 2/3 (SSp-ul2/3);4722;3392;5897;3944;8387;2772;6422;11826;10860;11047;13044;9009;7318;11946;9428;11563;1608;8308;6519;5076,571429;11157,2;8098,571429
 Primary somatosensory area  upper limb  layer 4 (SSp-ul4);3293;1126;1134;2775;6309;997;2123;5001;3858;2713;6015;3080;2516;4252;4852;2970;1207;5216;2326;2536,714286;4133,4;3334,142857
 Primary somatosensory area  upper limb  layer 5 (SSp-ul5);5660;1507;2667;5467;12051;1102;4694;8850;7927;4121;9781;4326;4378;7013;6724;4931;2159;9336;4133;4735,428571;7001;5524,857143
 Primary somatosensory area  upper limb  layer 6a (SSp-ul6a);3711;1250;3177;3756;6174;1479;2922;4314;4326;2995;5677;2222;2410;5019;3466;3733;1447;7519;2186;3209,857143;3906,8;3682,857143
 Primary somatosensory area  upper limb  layer 6b (SSp-ul6b);628;333;468;986;1141;251;575;858;722;729;1136;435;522;900;710;561;385;1728;566;626;776;767,4285714
 Supplemental somatosensory area  layer 1 (SSs1);301;839;2432;315;4823;588;2622;5545;2848;5241;2533;2446;1936;3373;2367;3198;142;1121;1627;1702,857143;3722,6;1966,285714
 Supplemental somatosensory area  layer 2/3 (SSs2/3);4267;5910;14578;2808;12092;2857;8262;15959;16118;21296;17703;9426;3834;16369;13590;18319;1564;7488;3886;7253,428571;16100,4;9292,857143
 Supplemental somatosensory area  layer 4 (SSs4);4400;3745;4821;3384;7534;1090;2446;6408;6948;6784;7807;6052;2131;7212;7384;7807;1366;6645;2083;3917,142857;6799,8;4946,857143
 Supplemental somatosensory area  layer 5 (SSs5);8131;3396;7194;7475;15928;1799;4405;9625;9792;8389;12840;11419;4854;10352;10570;9944;2876;12871;4790;6904;10413;8036,714286
 Supplemental somatosensory area  layer 6a (SSs6a);3925;1847;3182;4384;7844;1095;3643;6148;6017;4591;7827;5830;3171;6811;5017;5286;1969;8336;3179;3702,857143;6082,6;4824,142857
 Supplemental somatosensory area  layer 6b (SSs6b);305;281;195;644;1094;107;461;694;777;426;948;605;428;806;533;464;220;940;582;441;690;567,5714286
 Gustatory areas  layer 1 (GU1);191;534;1303;277;2349;294;1928;3692;2810;3742;1652;111;729;2720;2623;3346;165;893;739;982,2857143;2401,4;1602,142857
 Gustatory areas  layer 2/3 (GU2/3);1112;1278;3867;1079;4078;360;3192;5737;5725;8509;5922;137;1610;5500;7894;8232;812;4129;1750;2138;5206;4275,285714
 Gustatory areas  layer 4 (GU4);550;422;1254;635;1336;128;815;1474;1675;2336;1856;34;569;1660;2094;2256;497;2047;648;734,2857143;1475;1395,857143
 Gustatory areas  layer 5 (GU5);2773;1983;5387;4127;6830;755;2546;5237;5298;8219;6865;101;2484;5563;6645;8563;2355;7458;2821;3485,857143;5144;5127
 Gustatory areas  layer 6a (GU6a);1846;1277;3058;3733;4701;1106;2139;3752;4651;4509;5622;27;3035;4818;4505;4874;2270;5624;3240;2551,428571;3712,2;4052,285714
 Gustatory areas  layer 6b (GU6b);150;102;144;307;339;61;190;424;489;373;564;0;167;432;344;486;170;418;162;184,7142857;370;311,2857143
 Visceral area  layer 1 (VISC1);73;168;274;100;1227;73;436;1720;1234;1592;437;854;269;1876;1255;1514;74;296;251;335,8571429;1167,4;790,7142857
 Visceral area  layer 2/3 (VISC2/3);261;667;2166;451;2128;154;1661;3131;3501;3592;2419;1673;451;3288;3646;3147;288;1694;544;1069,714286;2863,2;1865,428571
 Visceral area  layer 4 (VISC4);206;429;733;505;1394;42;613;1414;1647;1140;1253;707;272;1572;1633;1115;270;1486;294;560,2857143;1232,2;948,8571429
 Visceral area  layer 6a (VISC6a);911;1130;1954;2310;3451;481;1631;2930;2894;2705;3524;2188;1750;3399;3181;2495;1540;4268;1914;1695,428571;2848,2;2649,571429
 Visceral area  layer 6b (VISC6b);121;98;183;224;383;26;166;256;280;224;302;188;160;277;198;233;134;406;189;171,5714286;250;228,1428571
 Visceral area  layer 5 (VISC5);651;871;2044;1960;4256;208;1709;3052;3347;2702;3461;2853;1120;3469;3730;2085;909;4468;1148;1671,285714;3083;2418,428571
 Dorsal auditory area  layer 1 (AUDd1);81;580;1288;184;1732;228;1162;2512;1290;2736;1542;0;1072;1729;1397;1710;115;902;900;750,7142857;1616;1117,857143
 Dorsal auditory area  layer 2/3 (AUDd2/3);2062;2342;5023;2391;5851;1788;5287;8611;8892;11375;8748;7;2439;8512;7536;11091;1260;6404;2192;3534,857143;7526,6;5633,428571
 Dorsal auditory area  layer 4 (AUDd4);1991;1438;2283;2448;3293;641;2105;3434;3753;4164;4151;254;1312;3799;3387;4838;1046;4088;1145;2028,428571;3151,2;2802,142857
 Dorsal auditory area  layer 5 (AUDd5);6633;3357;4076;7183;12875;1193;5136;8813;8956;9183;10389;2908;4074;10256;9835;9997;3227;10819;3785;5779;8049,8;7427,571429
 Dorsal auditory area  layer 6a (AUDd6a);3817;1721;1884;3741;6020;1153;3273;5278;5285;4214;5324;4247;2962;6509;5349;4606;2464;6216;3243;3087;4869,6;4478,428571
 Dorsal auditory area  layer 6b (AUDd6b);745;701;458;898;1390;267;658;989;786;1069;1152;780;964;1090;830;1125;653;1390;985;731;955,2;1005,285714
 Primary auditory area  layer 1 (AUDp1);18;303;433;59;660;38;49;698;372;732;596;0;314;590;570;285;18;303;268;222,8571429;479,6;335,4285714
 Primary auditory area  layer 2/3 (AUDp2/3);1020;1632;2843;1355;3013;664;1496;5147;4255;6074;3910;0;1409;3800;4467;6025;516;3241;1327;1717,571429;3877,2;2969,285714
 Primary auditory area  layer 4 (AUDp4);1515;1034;1695;1735;1799;219;1149;2180;2405;2951;2094;3;839;1784;2391;3382;414;2508;759;1306,571429;1926,6;1725,285714
 Primary auditory area  layer 5 (AUDp5);5328;1787;2900;3811;6665;383;2611;5644;6266;5924;5163;43;2529;5589;6135;6760;1407;6219;2433;3355;4608;4438,857143
 Primary auditory area  layer 6a (AUDp6a);1627;975;1149;1462;2404;231;1163;2257;2794;2510;1962;166;1809;2622;2664;2609;957;2253;1827;1287,285714;1937,8;2105,857143
 Primary auditory area  layer 6b (AUDp6b);484;478;415;512;768;175;394;588;659;892;625;130;724;838;701;871;385;707;663;460,8571429;578,8;698,4285714
 Posterior auditory area  layer 1 (AUDpo1);17;27;58;19;47;9;3;93;88;148;37;0;14;140;61;95;5;53;21;25,71428571;73,2;55,57142857
 Posterior auditory area  layer 2/3 (AUDpo2/3);74;105;191;156;220;43;112;454;355;513;292;0;28;405;334;495;87;306;24;128,7142857;322,8;239,8571429
 Posterior auditory area  layer 4 (AUDpo4);62;46;113;136;155;14;81;246;216;261;149;0;24;155;204;260;56;215;15;86,71428571;174,4;132,7142857
 Posterior auditory area  layer 5 (AUDpo5);431;143;266;350;424;53;184;523;510;588;341;0;155;464;555;633;152;634;133;264,4285714;392,4;389,4285714
 Posterior auditory area  layer 6a (AUDpo6a);167;41;116;113;144;20;53;156;170;229;116;0;134;173;180;229;83;173;145;93,42857143;134,2;159,5714286
 Posterior auditory area  layer 6b (AUDpo6b);35;21;20;22;48;2;12;29;41;43;29;0;46;36;46;59;21;40;50;22,85714286;28,4;42,57142857
 Ventral auditory area  layer 1 (AUDv1);25;51;105;29;149;72;8;209;206;413;78;0;83;171;105;240;17;70;78;62,71428571;181,2;109,1428571
 Ventral auditory area  layer 2/3 (AUDv2/3);1064;887;3050;779;2002;1365;718;2415;3420;4447;3315;343;469;2619;2538;4171;511;2157;469;1409,285714;2788;1847,714286
 Ventral auditory area  layer 4 (AUDv4);1428;959;2466;1049;1881;508;728;1923;2703;2532;3012;590;451;2015;2064;3064;660;2573;444;1288,428571;2152;1610,142857
 Ventral auditory area  layer 5 (AUDv5);4367;2354;5159;2853;6710;1191;2448;4768;5733;6607;7453;3612;2335;5195;5255;6560;1930;7122;2317;3583,142857;5634,6;4387,714286
 Ventral auditory area  layer 6a (AUDv6a);1819;1185;1970;1660;3343;549;1549;2603;3099;3307;3864;3045;2175;3121;2738;3335;1445;4125;2237;1725;3183,6;2739,428571
 Ventral auditory area  layer 6b (AUDv6b);308;269;362;337;580;90;246;523;527;640;713;367;356;530;396;638;341;706;358;313,1428571;554;475
 Anterolateral visual area  layer 1 (VISal1);45;202;300;75;224;21;267;255;360;533;279;0;424;336;206;465;35;122;474;162;285,4;294,5714286
 Anterolateral visual area  layer 2/3 (VISal2/3);752;585;1236;444;714;252;1126;1193;1655;2263;1392;0;691;1692;1127;2421;301;982;802;729,8571429;1300,6;1145,142857
 Anterolateral visual area  layer 4 (VISal4);541;374;645;263;512;107;392;486;733;1066;635;0;294;859;788;1145;187;720;283;404,8571429;584;610,8571429
 Anterolateral visual area  layer 5 (VISal5);1088;693;848;903;2674;384;1049;1422;1871;2665;1730;0;923;1840;2226;2833;698;1623;906;1091,285714;1537,6;1578,428571
 Anterolateral visual area  layer 6a (VISal6a);405;336;349;526;1238;204;473;766;886;1112;841;0;849;982;1119;1192;383;866;911;504,4285714;721;900,2857143
 Anterolateral visual area  layer 6b (VISal6b);75;79;76;99;244;34;107;182;138;231;184;0;258;184;186;215;40;179;185;102;147;178,1428571
 Anteromedial visual area  layer 2/3 (VISam2/3);306;151;379;323;686;46;253;587;589;601;459;400;295;722;773;622;237;632;118;306,2857143;527,2;485,5714286
 Anteromedial visual area  layer 4 (VISam4);397;217;426;304;910;47;280;641;504;576;508;389;257;657;857;618;270;598;195;368,7142857;523,6;493,1428571
 Anteromedial visual area  layer 5 (VISam5);1234;416;1030;890;2432;136;1043;1996;1727;1663;1582;966;878;2254;2017;1668;851;1701;821;1025,857143;1586,8;1455,714286
 Anteromedial visual area  layer 6a (VISam6a);666;198;690;511;766;157;690;965;948;925;1119;674;703;1432;540;891;445;1146;730;525,4285714;926,2;841
 Anteromedial visual area  layer 6b (VISam6b);77;16;55;33;66;9;85;89;107;105;110;116;159;146;54;87;25;101;153;48,71428571;105,4;103,5714286
 Lateral visual area  layer 1 (VISl1);67;353;432;116;372;47;480;676;552;1205;479;0;420;666;663;814;76;372;486;266,7142857;582,4;499,5714286
 Lateral visual area  layer 2/3 (VISl2/3);1050;770;1896;1040;975;405;1805;1760;2401;4641;2280;0;776;2713;3147;4642;973;2715;801;1134,428571;2216,4;2252,428571
 Lateral visual area  layer 4 (VISl4);595;408;687;676;711;145;628;641;772;1847;1068;0;322;1105;1272;1998;723;1306;317;550;865,6;1006,142857
 Lateral visual area  layer 5 (VISl5);1669;1194;1177;1713;3318;487;1563;2197;2335;4486;2585;0;1213;3130;3534;4879;1514;3196;1136;1588,714286;2320,6;2657,428571
 Lateral visual area  layer 6a (VISl6a);990;568;627;863;1292;307;1016;1475;1223;1986;1364;0;1575;1961;1753;2113;674;1747;1609;809;1209,6;1633,142857
 Lateral visual area  layer 6b (VISl6b);147;81;121;131;181;19;117;209;208;255;212;0;261;174;160;293;81;288;247;113,8571429;176,8;214,8571429
 Primary visual area  layer 1 (VISp1);508;1211;2254;812;2154;227;2774;3836;3993;4301;2505;172;3431;3585;4448;3415;1211;2370;2199;1420;2961,4;2951,285714
 Primary visual area  layer 2/3 (VISp2/3);9300;4344;10326;7714;8453;1616;10719;13080;13725;19739;10989;1846;8116;16185;21424;20042;8029;16538;6538;7496;11875,8;13838,85714
 Primary visual area  layer 4 (VISp4);6865;2463;3787;4687;6338;542;4290;6414;5433;11262;6634;1438;4518;8540;10808;12098;5527;8721;4495;4138,857143;6236,2;7815,285714
 Primary visual area  layer 5 (VISp5);12068;4388;5315;8640;14981;1983;9780;14193;13327;23753;15199;4968;12163;17642;20514;25150;10343;17533;12689;8165;14288;16576,28571
 Primary visual area  layer 6a (VISp6a);6471;2675;3961;5111;6057;1427;6420;8398;7873;13077;8670;3876;8714;10964;9456;14363;6059;9955;9187;4588,857143;8378,8;9814
 Primary visual area  layer 6b (VISp6b);818;351;740;604;979;107;863;1154;1028;1688;1307;547;1462;1101;921;1384;470;1389;1394;637,4285714;1144,8;1160,142857
 Posterolateral visual area  layer 1 (VISpl1);42;107;140;76;131;29;374;500;524;525;271;0;196;365;275;331;23;291;193;128,4285714;364;239,1428571
 Posterolateral visual area  layer 2/3 (VISpl2/3);223;270;417;371;438;67;747;1145;1034;1643;626;0;921;1029;1436;1185;101;1108;861;361,8571429;889,6;948,7142857
 Posterolateral visual area  layer 4 (VISpl4);145;170;273;295;152;35;203;230;340;642;223;0;256;371;531;609;82;538;224;181,8571429;287;373
 Posterolateral visual area  layer 5 (VISpl5);958;956;1019;1040;988;213;960;1192;1476;2665;1163;0;1576;1661;2523;2639;354;2458;1473;876,2857143;1299,2;1812
 Posterolateral visual area  layer 6a (VISpl6a);773;601;569;679;409;104;632;798;890;1726;561;0;1395;1293;1516;1491;168;1786;1327;538,1428571;795;1282,285714
 Posterolateral visual area  layer 6b (VISpl6b);12;12;15;11;7;1;8;18;17;17;13;0;27;27;11;19;1;18;30;9,428571429;13;19
 posteromedial visual area  layer 1 (VISpm1);4;3;11;6;13;0;15;5;10;17;8;14;8;5;24;9;12;10;0;7,428571429;10,8;9,714285714
 posteromedial visual area  layer 2/3 (VISpm2/3);621;232;444;433;725;72;454;721;733;775;586;640;606;787;1096;861;369;876;214;425,8571429;691;687
 posteromedial visual area  layer 4 (VISpm4);713;311;340;401;1264;74;452;845;735;799;599;533;711;876;1253;887;404;894;570;507,8571429;702,2;799,2857143
 posteromedial visual area  layer 5 (VISpm5);1735;635;707;981;2747;256;1443;2299;1857;1941;1855;1229;1826;2388;2750;2288;1217;2259;1942;1214,857143;1836,2;2095,714286
 posteromedial visual area  layer 6a (VISpm6a);1039;340;485;610;805;263;924;1242;1191;1210;1299;1132;1335;1793;1266;1547;765;1496;1536;638;1214,8;1391,142857
 posteromedial visual area  layer 6b (VISpm6b);189;78;122;105;211;34;178;274;231;244;253;298;371;305;241;200;73;241;381;131;260;258,8571429
 Anterior cingulate area  dorsal part  layer 1 (ACAd1);541;209;480;0;909;114;758;1346;32;233;209;0;729;175;643;0;156;1055;11;430,1428571;364;395,5714286
 Anterior cingulate area  dorsal part  layer 2/3 (ACAd2/3);3750;1319;2394;0;4815;832;3376;5633;698;4131;5497;0;4177;2083;4050;0;1653;6965;1353;2355,142857;3191,8;2897,285714
 Anterior cingulate area  dorsal part  layer 5 (ACAd5);3288;1181;1771;1383;6015;1163;2826;4277;3231;4819;5450;0;3802;5090;4875;535;1567;6579;3320;2518,142857;3555,4;3681,142857
 Anterior cingulate area  dorsal part  layer 6a (ACAd6a);1378;309;700;1508;2144;596;1404;2190;2663;1761;2121;0;1419;3138;2129;1565;507;2877;1432;1148,428571;1747;1866,714286
 Anterior cingulate area  dorsal part  layer 6b (ACAd6b);99;26;91;179;223;39;215;298;364;142;216;0;125;410;238;132;56;278;120;124,5714286;204;194,1428571
 Anterior cingulate area  ventral part  layer 1 (ACAv1);349;97;298;0;608;79;172;587;0;223;338;0;662;1;0;0;168;486;90;229;229,6;201
 Anterior cingulate area  ventral part  layer 2/3 (ACAv2/3);3035;1038;1902;9;4325;694;2307;4173;327;2989;4543;0;3169;2118;1621;0;1467;5162;1916;1901,428571;2406,4;2207,571429
 Anterior cingulate area  ventral part  layer 5 (ACAv5);2056;703;1161;1052;4627;717;2047;3501;2567;2452;3646;0;2001;4460;3575;122;1092;3644;1866;1766,142857;2433,2;2394,285714
 Anterior cingulate area  ventral part  6a (ACAv6a);702;208;545;939;1636;250;867;1697;1792;950;1352;0;662;2662;1531;853;386;1654;701;735,2857143;1158,2;1207
 Anterior cingulate area  ventral part  6b (ACAv6b);116;29;129;254;291;34;189;447;463;134;267;0;121;699;276;149;83;338;111;148,8571429;262,2;253,8571429
 Prelimbic area  layer 1 (PL1);131;62;29;0;200;0;374;409;0;40;29;0;12;5;128;0;38;43;2;113,7142857;95,6;32,57142857
 Prelimbic area  layer 2/3 (PL2/3);2400;1268;507;4;1749;11;1918;3099;5;1132;2329;0;1274;141;1740;3;704;2065;174;1122,428571;1313;871,5714286
 Prelimbic area  layer 5 (PL5);2362;938;1122;595;2545;666;1870;2635;559;2706;3384;0;2568;2697;3398;412;509;4171;2436;1442,571429;1856,8;2313
 Prelimbic area  layer 6a (PL6a);1189;296;503;1234;975;794;903;1330;1338;1481;1671;0;1120;2382;1704;1554;248;2049;1221;842;1164;1468,285714
 Prelimbic area  layer 6b (PL6b);27;8;21;41;68;33;94;122;156;69;118;0;57;222;142;71;1;75;65;41,71428571;93;90,42857143
 Infralimbic area  layer 1 (ILA1);NaN;NaN;NaN;NaN;NaN;NaN;NaN;NaN;NaN;NaN;NaN;NaN;NaN;NaN;NaN;NaN;NaN;NaN;NaN;#DZIEL/0!;#DZIEL/0!;#DZIEL/0!
 Infralimbic area  layer 2/3 (ILA2/3);1386;674;1315;590;2016;301;1304;2262;322;2731;2309;0;2362;1012;1200;1029;1260;1524;1664;1083,714286;1524,8;1435,857143
 Infralimbic area  layer 5 (ILA5);1646;546;1303;700;2687;492;1441;1995;498;2617;2709;0;2852;2785;2373;1090;868;2820;2902;1259,285714;1563,8;2241,428571
 Infralimbic area  layer 6a (ILA6a);1114;405;674;1322;1514;605;1142;1508;1690;1574;2040;0;1894;2951;1975;1671;647;2104;1963;968;1362,4;1886,428571
 Infralimbic area  layer 6b (ILA6b);146;62;122;179;421;118;324;512;604;320;564;0;439;878;433;367;50;324;428;196;400;417
 Orbital area  lateral part  layer 1 (ORBl1);715;298;1698;977;615;282;818;1732;1400;1642;908;0;662;2064;1250;2441;609;1290;611;771,8571429;1136,4;1275,285714
 Orbital area  lateral part  layer 2/3 (ORBl2/3);3442;1344;4844;3442;3305;922;2098;3061;3083;5675;4169;0;1947;4066;3365;6518;2349;4783;1938;2771;3197,6;3566,571429
 Orbital area  lateral part  layer 5 (ORBl5);2597;1077;1991;2636;2684;572;1141;1716;2296;2897;3636;0;1513;3122;2676;3147;1505;3914;1578;1814;2109;2493,571429
 Orbital area  lateral part  layer 6a (ORBl6a);916;303;585;983;802;366;501;737;814;997;1432;0;734;1239;1100;1151;419;1284;758;636,5714286;796;955
 Orbital area  medial part  layer 1 (ORBm1);215;37;0;0;166;0;165;176;0;21;11;0;58;0;60;0;63;22;9;83,28571429;41,6;30,28571429
 Orbital area  medial part  layer 2/3 (ORBm2/3);1653;656;420;19;899;5;1040;1239;2;1096;1205;0;992;98;980;66;834;826;384;670,2857143;708,4;597,1428571
 Orbital area  medial part  layer 5 (ORBm5);1540;664;960;435;1265;283;822;886;181;1364;1733;0;1075;1267;1635;436;514;1922;1120;852,7142857;832,8;1138,428571
 Orbital area  medial part  layer 6a (ORBm6a);619;182;315;507;389;350;333;343;458;727;770;0;429;806;720;729;244;828;426;385;459,6;597,4285714
 Orbital area  ventrolateral part  layer 1 (ORBvl1);677;202;894;525;894;105;1142;1676;500;886;358;0;794;1204;1273;1042;462;543;656;634,1428571;684;853,4285714
 Orbital area  ventrolateral part  layer 2/3 (ORBvl2/3);2347;974;2335;1962;2248;400;1736;2459;1731;2773;2359;0;1658;2838;2352;3065;1525;2752;1585;1714,571429;1864,4;2253,571429
 Orbital area  ventrolateral part  layer 5 (ORBvl5);1319;651;690;1093;1242;247;619;882;1040;1158;1763;0;778;1559;1242;1169;630;1864;840;837,2857143;968,6;1154,571429
 Orbital area  ventrolateral part  layer 6a (ORBvl6a);627;273;269;737;398;218;592;629;962;594;994;0;751;1165;856;734;305;1014;646;444,8571429;635,8;781,5714286
 Orbital area  ventrolateral part  layer 6b (ORBvl6b);1;0;1;7;0;1;6;3;7;6;9;0;4;14;8;2;3;6;6;2,285714286;5;6,142857143
 Agranular insular area  posterior part  layer 1 (AIp1);438;431;750;497;2616;229;1496;2639;2560;3477;639;1084;420;3111;2067;3737;272;521;528;922,4285714;2079,8;1522,285714
 Agranular insular area  posterior part  layer 2/3 (AIp2/3);856;1287;2861;963;2663;398;1941;3170;3354;5335;2638;1831;737;5313;4277;5130;887;1893;852;1567;3265,6;2727
 Agranular insular area  posterior part  layer 5 (AIp5);1061;1195;3426;2165;2727;360;1590;2851;2778;3974;3268;2163;1141;4255;3606;4174;1607;2917;1212;1789,142857;3006,8;2701,714286
 Agranular insular area  posterior part  layer 6a (AIp6a);618;498;1465;1164;1592;311;817;1328;1245;1763;1727;1000;1003;1882;1626;1812;1106;1683;1006;923,5714286;1412,6;1445,428571
 Agranular insular area  ventral part  layer 1 (AIv1);719;275;774;484;1865;278;2162;2795;2764;3475;1369;0;710;2683;3087;3286;309;1320;777;936,7142857;2080,6;1738,857143
 Agranular insular area  ventral part  layer 2/3 (AIv2/3);2564;1195;2462;2382;3026;847;2094;2876;3643;5664;4320;0;1460;4374;5440;5439;1450;5427;1566;2081,428571;3300,6;3593,714286
 Agranular insular area  ventral part  layer 5 (AIv5);1878;534;1904;2255;2445;676;947;1780;2130;2969;2846;0;1421;2766;2864;3246;1615;3718;1523;1519,857143;1945;2450,428571
 Agranular insular area  ventral part  layer 6a (AIv6a);305;93;239;416;454;144;209;407;489;458;665;0;353;638;577;537;277;687;353;265,7142857;403,8;488,8571429
 Agranular insular area  dorsal part  layer 1 (AId1);NaN;NaN;NaN;NaN;NaN;NaN;NaN;NaN;NaN;NaN;NaN;NaN;NaN;NaN;NaN;NaN;NaN;NaN;NaN;#DZIEL/0!;#DZIEL/0!;#DZIEL/0!
 Agranular insular area  dorsal part  layer 2/3 (AId2/3);NaN;NaN;NaN;NaN;NaN;NaN;NaN;NaN;NaN;NaN;NaN;NaN;NaN;NaN;NaN;NaN;NaN;NaN;NaN;#DZIEL/0!;#DZIEL/0!;#DZIEL/0!
 Agranular insular area  dorsal part  layer 5 (AId5);NaN;NaN;NaN;NaN;NaN;NaN;NaN;NaN;NaN;NaN;NaN;NaN;NaN;NaN;NaN;NaN;NaN;NaN;NaN;#DZIEL/0!;#DZIEL/0!;#DZIEL/0!
 Agranular insular area  dorsal part  layer 6a (AId6a);NaN;NaN;NaN;NaN;NaN;NaN;NaN;NaN;NaN;NaN;NaN;NaN;NaN;NaN;NaN;NaN;NaN;NaN;NaN;#DZIEL/0!;#DZIEL/0!;#DZIEL/0!
 Agranular insular area  dorsal part  layer 6b (AId6b);NaN;NaN;NaN;NaN;NaN;NaN;NaN;NaN;NaN;NaN;NaN;NaN;NaN;NaN;NaN;NaN;NaN;NaN;NaN;#DZIEL/0!;#DZIEL/0!;#DZIEL/0!
 Retrosplenial area  lateral agranular part  layer 1 (RSPagl1);18;16;69;17;77;3;148;217;210;184;98;244;74;56;174;6;47;77;52;49,71428571;190,6;69,42857143
 Retrosplenial area  lateral agranular part  layer 2/3 (RSPagl2/3);230;164;311;231;732;34;592;911;831;771;692;776;350;360;831;499;222;672;308;327,7142857;796,2;463,1428571
 Retrosplenial area  lateral agranular part  layer 5 (RSPagl5);1693;716;1099;1521;3210;231;1735;3104;2815;2562;2731;2018;1854;2590;2995;2598;1240;3272;1743;1457,857143;2646;2327,428571
 Retrosplenial area  lateral agranular part  layer 6a (RSPagl6a);1028;418;797;826;1094;207;1248;1490;1806;1381;1738;1988;1223;2057;1396;1700;736;2201;1282;802,5714286;1680,6;1513,571429
 Retrosplenial area  lateral agranular part  layer 6b (RSPagl6b);5;6;6;7;13;2;14;14;20;14;24;16;19;23;15;9;0;17;18;7,571428571;17,6;14,42857143
 Retrosplenial area  dorsal part  layer 1 (RSPd1);153;87;233;56;497;35;382;586;214;425;285;290;475;243;454;177;82;353;252;206,1428571;360;290,8571429
 Retrosplenial area  dorsal part  layer 2/3 (RSPd2/3);1086;812;1245;809;2716;192;2041;3330;2511;3438;2353;1636;3156;2049;3169;1172;467;3476;2546;1271,571429;2653,6;2290,714286
 Retrosplenial area  dorsal part  layer 5 (RSPd5);4745;1136;2391;4094;8346;462;4725;8455;7108;7934;7458;3197;5181;6255;8023;6692;2265;9842;4963;3699,857143;6830,4;6174,428571
 Retrosplenial area  dorsal part  layer 6a (RSPd6a);3424;1181;2324;3332;4504;514;3753;4984;5246;6138;5735;2944;4492;5467;5794;5966;1723;7471;4586;2718,857143;5009,4;5071,285714
 Retrosplenial area  dorsal part  layer 6b (RSPd6b);96;27;78;67;86;15;98;138;149;122;179;36;103;145;115;105;30;202;103;66,71428571;124,8;114,7142857
 Retrosplenial area  ventral part  layer 1 (RSPv1);546;333;218;215;907;101;572;1057;606;1431;477;1364;748;879;694;1120;216;1037;589;413,1428571;987;754,7142857
 Retrosplenial area  ventral part  layer 2/3 (RSPv2/3);4299;3369;3048;1179;5825;1059;3707;6618;3426;8392;3769;5459;6109;5973;3717;4233;1190;8965;3658;3212,285714;5532,8;4835
 Retrosplenial area  ventral part  layer 5 (RSPv5);8502;3685;7626;2763;15806;1443;8069;13098;11118;12791;12814;7487;12088;12654;11011;9881;2232;18176;11340;6842;11461,6;11054,57143
 Retrosplenial area  ventral part  layer 6a (RSPv6a);3352;762;2491;3252;9725;680;4325;6839;6322;5550;7094;5425;5290;7414;6042;7246;1221;8576;5537;3512,428571;6246;5903,714286
 Retrosplenial area  ventral part  layer 6b (RSPv6b);276;43;232;231;948;55;312;541;603;317;576;74;316;682;427;254;59;796;322;299,5714286;422,2;408
 Temporal association areas  layer 1 (TEa1);15;117;108;55;454;39;96;599;526;387;251;0;103;888;193;434;14;185;86;126,2857143;352,6;271,8571429
 Temporal association areas  layer 2/3 (TEa2/3);396;852;2279;453;2718;430;915;3685;4271;4102;3459;331;250;3889;3347;4623;304;2598;232;1149;3169,6;2177,571429
 Temporal association areas  layer 4 (TEa4);377;644;1449;561;1479;221;614;1864;2130;2194;2336;329;154;1910;2070;2682;201;2190;147;763,5714286;1770,6;1336,285714
 Temporal association areas  layer 5 (TEa5);2648;3001;5866;3099;7548;1148;3233;6144;7214;9404;9089;3053;1800;6771;7799;9280;1645;9981;1544;3791,857143;6980,8;5545,714286
 Temporal association areas  layer 6a (TEa6a);1267;1549;2364;1817;3411;497;1524;2965;3425;4682;4028;2242;2076;3325;3825;4758;1301;4901;1968;1775,571429;3468,4;3164,857143
 Temporal association areas  layer 6b (TEa6b);422;553;722;733;1215;201;417;757;891;1490;1237;569;749;1068;978;1480;535;1502;672;609;988,8;997,7142857
 Perirhinal area  layer 1 (PERI1);351;516;1037;273;2051;168;394;1685;2298;1729;1308;576;209;2360;1692;1309;91;459;231;684,2857143;1519,2;907,2857143
 Perirhinal area  layer 2/3 (PERI2/3);1470;1850;6060;1492;7016;680;2334;4798;5079;6469;5992;2693;714;6866;7062;6173;712;3645;723;2986;5006,2;3699,285714
 Perirhinal area  layer 5 (PERI5);1650;1912;5667;2702;6542;873;2285;4156;4160;6852;6365;4627;1354;5609;6565;6490;1395;6175;1168;3090,142857;5232;4108
 Perirhinal area  layer 6a (PERI6a);769;826;1918;1367;2795;437;915;1696;1368;2874;2367;1768;1198;2298;2653;2769;1007;2629;1081;1289,571429;2014,6;1947,857143
 Perirhinal area  layer 6b (PERI6b);246;296;532;514;911;250;204;488;307;939;606;450;401;719;809;794;355;928;406;421,8571429;558;630,2857143
 Ectorhinal area/Layer 1 (ECT1);89;206;353;58;564;62;69;1095;1151;683;319;60;133;1094;986;712;40;176;129;200,1428571;661,6;467,1428571
 Ectorhinal area/Layer 2/3 (ECT2/3);575;1380;3197;651;3109;500;1085;4407;5213;4953;4345;664;389;4938;5724;5221;357;3153;341;1499,571429;3916,4;2874,714286
 Ectorhinal area/Layer 5 (ECT5);1058;2247;4581;1853;5338;883;2158;3801;4433;6647;6022;2538;1253;4764;5940;6439;953;6622;1053;2588,285714;4688,2;3860,571429
 Ectorhinal area/Layer 6a (ECT6a);605;1253;1790;1212;2426;498;935;1764;2055;3138;2697;1340;1521;2283;2764;3308;815;3216;1341;1245,571429;2198,8;2178,285714
 Ectorhinal area/Layer 6b (ECT6b);246;478;603;611;1112;250;268;579;476;1199;1045;519;520;879;924;1161;366;1250;536;509,7142857;763,6;805,1428571
 Olfactory areas (OLF);6741;3897;11519;8662;14267;2570;9499;20523;14442;17635;13629;2795;7790;19082;19130;18149;5719;14814;7747;8165;13804,8;13204,42857
 Main olfactory bulb (MOB);7996;140;7483;4674;5083;1624;1248;15659;606;9260;19379;0;8329;11639;8413;8987;9531;10675;7464;4035,428571;8980,8;9291,142857
 Accessory olfactory bulb  glomerular layer (AOBgl);324;34;485;269;187;69;234;950;790;732;681;0;129;900;1171;869;119;169;164;228,8571429;630,6;503
 Accessory olfactory bulb  granular layer (AOBgr);110;2;313;217;9;19;0;593;95;586;669;0;331;501;390;698;314;465;301;95,71428571;388,6;428,5714286
 Accessory olfactory bulb  mitral layer (AOBmi);628;14;959;564;113;38;90;1121;645;1192;1496;0;438;1395;1154;1428;200;425;510;343,7142857;890,8;792,8571429
 Anterior olfactory nucleus (AON);11966;7002;17006;11132;17054;2655;7692;20852;11772;18068;19476;0;9183;24531;21314;19817;7614;24533;8819;10643,85714;14033,6;16544,42857
 Taenia tecta (TT);3948;2147;2609;1587;5794;913;3829;5969;677;6966;5754;0;5575;4771;5021;2538;2165;3581;4823;2975,285714;3873,2;4067,714286
 Dorsal peduncular area (DP);684;151;409;426;994;173;591;810;292;1148;982;0;1127;1004;981;654;464;1060;1046;489,7142857;646,4;905,1428571
 Piriform area (PIR);33846;26511;62143;35055;83440;19417;47821;74774;73469;111884;63217;24440;24914;90690;92937;113591;27887;72447;26601;44033,28571;69556,8;64152,42857
 Nucleus of the lateral olfactory tract  molecular layer (NLOT1);212;203;322;298;486;154;599;1149;874;1118;489;0;206;1053;1139;1058;129;386;233;324,8571429;726;600,5714286
 Nucleus of the lateral olfactory tract  layer 3 (NLOT3);359;315;752;418;614;244;643;1159;1003;1669;1013;0;659;1519;1916;1506;631;1143;618;477,8571429;968,8;1141,714286
 Cortical amygdalar area  anterior part (COAa);713;1043;1771;1020;1801;931;1930;3264;2856;4288;2644;0;1114;4064;4494;4118;1200;2360;1080;1315,571429;2610,4;2632,857143
 Cortical amygdalar area  posterior part (COAp);1608;2503;5551;2715;3878;1330;7072;12600;12419;10832;13988;1168;4577;13634;19539;12867;1390;8872;5270;3522,428571;10201,4;9449,857143
 Piriform-amygdalar area (PAA);570;1029;2334;1116;1717;627;3184;4909;4161;5019;3965;148;869;5398;5701;5487;834;2829;1063;1511;3640,4;3168,714286
 Postpiriform transition area (TR);1037;1282;4116;1607;4430;563;5065;6982;7499;5655;6160;7866;1544;7783;9928;7075;442;5850;1759;2585,714286;6832,4;4911,571429
 Field CA1 (CA1);13533;9040;13950;17203;31846;5726;30016;47157;46713;32195;23610;37901;38602;46557;46270;37804;13393;39466;37071;17330,57143;37515,2;37023,28571
 Field CA2 (CA2);3811;1116;2854;2894;6035;1473;4701;8397;8089;5293;4995;7784;5703;8346;8142;5220;2297;8167;5460;3269,142857;6911,6;6190,714286
 Field CA3 (CA3);14101;6778;15366;12748;26830;5686;16740;28555;32257;31348;25578;25607;28015;29989;35278;31863;9977;34126;27553;14035,57143;28669;28114,42857
 Dentate gyrus  molecular layer (DG-mo);6523;5268;9329;8515;13980;2472;12989;18816;20696;21292;13126;28973;16253;20642;21342;23870;7369;20196;16812;8439,428571;20580,6;18069,14286
 Dentate gyrus  polymorph layer (DG-po);3536;2716;3551;3729;6252;929;1769;3594;3053;6488;5630;5819;5895;3293;4548;5918;2075;6322;5827;3211,714286;4916,8;4839,714286
 Dentate gyrus  granule cell layer (DG-sg);5019;4116;5504;4208;8378;1160;3410;6281;6180;10286;7421;11544;9594;7321;8649;10288;3405;9558;8914;4542,142857;8342,4;8247
 Fasciola cinerea (FC);50;45;28;0;7;9;133;108;11;159;40;0;138;217;0;0;56;97;60;38,85714286;63,6;81,14285714
 Induseum griseum (IG);NaN;NaN;NaN;NaN;NaN;NaN;NaN;NaN;NaN;NaN;NaN;NaN;NaN;NaN;NaN;NaN;NaN;NaN;NaN;#DZIEL/0!;#DZIEL/0!;#DZIEL/0!
 Entorhinal area  lateral part (ENTl);18218;21926;36781;15174;56125;5362;29710;43285;57766;81522;59629;13578;14438;64811;74184;79490;6995;36102;14303;26185,14286;51156;41474,71429
 Entorhinal area  medial part  dorsal zone (ENTm);5633;6598;9423;6143;19303;1083;12266;13318;19017;30250;17866;6722;12278;24109;25452;30116;2222;12631;11632;8635,571429;17434,6;16920
 Entorhinal area  medial part  ventral zone (ENTmv);203;157;586;543;639;63;1249;484;1899;1327;1659;1572;246;1688;2458;1551;43;1498;347;491,4285714;1388,2;1118,714286
 Parasubiculum (PAR);1094;1621;2922;1382;6133;376;3301;4369;4435;10232;4535;6309;5866;6808;7933;9347;582;3503;5678;2404,142857;5976;5673,857143
 Postsubiculum (POST);2557;1308;2332;3463;4933;724;2310;3195;4010;7542;3455;6547;6007;3252;4893;6726;535;6572;5337;2518,142857;4949,8;4760,285714
 Presubiculum (PRE);1785;1579;2939;2597;5956;621;2671;3616;4194;8954;4540;6411;7562;4632;6118;8553;732;5065;7619;2592,571429;5543;5754,428571
 Subiculum (SUB);9556;7710;11323;13891;27624;3077;17150;24658;28338;29234;21735;22284;21739;32052;34626;33450;4868;27757;20902;12904,42857;25249,8;25056,28571
 Ventral anterior-lateral complex of the thalamus (VAL);5447;130;1111;5322;7306;857;837;2220;2238;3554;2222;0;4716;2217;4570;3268;4171;7660;3993;3001,428571;2046,8;4370,714286
 Ventral medial nucleus of the thalamus (VM);4255;103;1118;2656;5082;382;1239;2897;3546;3030;1735;0;2210;3070;5055;3086;1917;6989;1973;2119,285714;2241,6;3471,428571
 Ventral posterolateral nucleus of the thalamus (VPL);3692;176;756;3260;6566;260;776;2668;2064;1677;1475;1399;3369;2563;4326;1667;1740;6034;2822;2212,285714;1856,6;3217,285714
 Ventral posteromedial nucleus of the thalamus (VPM);10879;502;1694;9923;18573;1409;1426;5124;4500;6188;4610;3342;8941;5524;10249;5877;5620;15614;7509;6343,714286;4752,8;8476,285714
 Subparafascicular nucleus  magnocellular part (SPFm);171;44;381;59;394;133;189;308;110;504;344;0;140;390;38;489;226;10;170;195,8571429;253,2;209
 Subparafascicular nucleus  parvicellular part (SPFp);995;285;712;1047;2002;188;574;1051;1221;1484;1105;559;1554;1160;1547;1740;780;2168;1467;829;1084;1488
 Subparafascicular area (SPA);44;6;91;0;193;12;83;90;3;188;63;0;60;139;0;31;69;0;54;61,28571429;68,8;50,42857143
 Peripeduncular nucleus (PP);205;86;224;250;401;17;73;196;189;411;297;283;301;208;313;501;192;410;327;179,4285714;275,2;321,7142857
 Medial geniculate complex (MG);1200;743;1445;2706;5896;228;690;1377;1958;4394;2885;3995;3002;1557;2635;4586;851;3759;2914;1844;2921,8;2757,714286
 Dorsal part of the lateral geniculate complex (LGd);3628;432;1342;2094;7783;181;1305;2944;3517;4263;2210;4546;4056;3109;3894;4493;1080;4880;4038;2395;3496;3650
 Ventral part of the lateral geniculate complex (LGv);1424;760;1021;1137;2705;436;696;1508;1508;2431;1462;3056;1181;1530;2104;2377;506;2528;1401;1168,428571;1993;1661
 Lateral posterior nucleus of the thalamus (LP);4801;1168;2932;4357;11470;711;2194;4561;5582;7671;5584;5887;6089;5108;6653;8296;2230;9170;5706;3947,571429;5857;6178,857143
 Posterior complex of the thalamus (PO);6270;392;1446;6319;15090;863;1972;5274;5551;5844;2600;2454;5256;6256;8250;5851;2191;10093;4806;4621,714286;4344,6;6100,428571
 Posterior limiting nucleus of the thalamus (POL);432;136;407;473;812;108;184;394;466;798;520;585;812;415;530;944;239;865;835;364,5714286;552,6;662,8571429
 Suprageniculate nucleus (SGN);106;33;140;123;441;12;56;90;150;255;212;307;197;92;183;259;55;193;177;130,1428571;202,8;165,1428571
 Anteroventral nucleus of thalamus (AV);1532;656;2678;2165;4443;1007;602;1637;1973;4999;3640;0;3462;1870;2199;4452;1529;2971;3006;1869;2449,8;2784,142857
 Anteromedial nucleus (AM);2362;277;648;1575;2381;272;547;1260;1347;2115;2004;0;2107;1219;1822;1791;1329;3162;1987;1151,714286;1345,2;1916,714286
 Anterodorsal nucleus (AD);715;533;996;706;2081;677;201;631;645;1965;1557;0;1527;695;756;2047;429;1236;1426;844,1428571;959,6;1159,428571
 Interanteromedial nucleus of the thalamus (IAM);NaN;NaN;NaN;NaN;NaN;NaN;NaN;NaN;NaN;NaN;NaN;NaN;NaN;NaN;NaN;NaN;NaN;NaN;NaN;#DZIEL/0!;#DZIEL/0!;#DZIEL/0!
 Interanterodorsal nucleus of the thalamus (IAD);349;53;155;336;897;54;171;257;275;573;567;0;635;384;416;404;368;661;558;287,8571429;334,4;489,4285714
 Lateral dorsal nucleus of thalamus (LD);8031;794;2341;5555;12894;1650;2024;4650;5587;7377;6215;1596;6478;5497;7308;8261;2497;10220;6704;4755,571429;5085;6709,285714
 Mediodorsal nucleus of thalamus (MD);6130;1077;1989;4802;14283;1240;2751;4980;3833;6347;6863;0;9732;5927;5496;4436;3994;7442;9336;4610,285714;4404,6;6623,285714
 Submedial nucleus of the thalamus (SMT);1142;36;265;391;1166;59;263;602;250;224;699;0;546;807;512;190;461;479;511;474,5714286;355;500,8571429
 Perireunensis nucleus (PR);60;7;60;24;79;7;42;105;72;16;107;0;32;106;78;18;22;38;39;39,85714286;60;47,57142857
 Paraventricular nucleus of the thalamus (PVT);240;387;610;5;910;241;255;508;31;656;882;0;828;346;38;91;204;110;864;378,2857143;415,4;354,4285714
 Parataenial nucleus (PT);838;267;496;122;1777;325;840;1364;187;1238;1853;0;1307;1179;477;671;694;507;1292;666,4285714;928,4;875,2857143
 Nucleus of reuniens (RE);518;148;395;63;1010;137;438;803;57;172;1010;0;722;969;134;123;284;94;849;387;408,4;453,5714286
 Rhomboid nucleus (RH);NaN;NaN;NaN;NaN;NaN;NaN;NaN;NaN;NaN;NaN;NaN;NaN;NaN;NaN;NaN;NaN;NaN;NaN;NaN;#DZIEL/0!;#DZIEL/0!;#DZIEL/0!
 Central medial nucleus of the thalamus (CM);311;42;161;0;491;15;126;224;0;191;270;0;244;282;0;68;158;0;286;163,7142857;137;148,2857143
 Paracentral nucleus (PCN);1802;134;400;1597;2632;209;387;896;859;1052;877;0;1221;1271;1516;933;1225;2252;1149;1023;736,8;1366,714286
 Central lateral nucleus of the thalamus (CL);1189;399;439;1317;2753;329;533;971;1103;1863;1219;0;2008;1245;1483;1785;539;2185;1916;994,1428571;1031,2;1594,428571
 Parafascicular nucleus (PF);1267;169;1112;1331;4305;154;1002;1793;1762;2898;2174;108;1794;1901;2043;2561;461;2711;1429;1334,285714;1747;1842,857143
 Reticular nucleus of the thalamus (RT);5669;626;4252;5789;9823;867;2834;7188;6708;7417;7112;1657;7912;6713;8850;6929;3566;11491;7686;4265,714286;6016,4;7592,428571
 Intergeniculate leaflet of the lateral geniculate complex (IGL);206;82;147;174;573;30;131;285;329;497;226;436;283;210;321;474;100;408;328;191,8571429;354,6;303,4285714
 Subgeniculate nucleus (SubG);112;24;44;78;340;5;79;90;119;118;56;221;141;133;196;102;80;226;132;97,42857143;120,8;144,2857143
 Medial habenula (MH);489;410;1218;25;1516;224;805;1362;509;1307;1057;0;828;1586;401;188;206;609;903;669,5714286;847;674,4285714
 Lateral habenula (LH);975;361;888;791;3569;356;965;1586;1524;2658;2975;0;2189;2069;1944;2124;461;2480;2346;1129,285714;1748,6;1944,714286
 Supraoptic nucleus (SO);67;100;198;79;54;24;182;450;243;96;186;0;126;72;523;147;133;200;111;100,5714286;195;187,4285714
 Accessory supraoptic group (ASO);3;1;5;1;0;0;9;7;13;18;13;0;11;6;9;18;5;0;11;2,714285714;10,2;8,571428571
 Paraventricular hypothalamic nucleus (PVH);113;163;486;25;153;249;644;855;14;634;1461;0;699;963;89;490;206;5;684;261,8571429;592,8;448
 Arcuate hypothalamic nucleus (ARH);31;81;95;17;409;104;663;1184;256;401;84;0;131;1037;172;372;122;0;141;200;385;282,1428571
 Anterodorsal preoptic nucleus (ADP);74;24;89;0;49;41;131;227;0;200;142;0;156;219;11;104;31;0;185;58,28571429;113,8;100,8571429
 Anteroventral preoptic nucleus (AVP);59;61;71;85;111;67;183;459;105;373;86;0;97;212;110;378;82;29;111;91;204,6;145,5714286
 Anteroventral periventricular nucleus (AVPV);29;74;29;9;23;26;204;184;0;182;84;0;32;97;5;135;24;0;42;56,28571429;90;47,85714286
 Dorsomedial nucleus of the hypothalamus (DMH);676;517;734;615;945;789;1439;2520;1269;2325;1353;0;2003;2913;1382;2632;757;146;2033;816,4285714;1493,4;1695,142857
 Median preoptic nucleus (MEPO);35;40;23;0;103;39;115;62;0;221;172;0;77;6;0;10;73;0;69;50,71428571;91;33,57142857
 Medial preoptic area (MPO);853;764;2070;674;523;806;2582;5342;1792;4611;3141;0;2017;4032;1756;4025;1343;611;2164;1181,714286;2977,2;2278,285714
 Posterodorsal preoptic nucleus (PD);2;0;2;5;0;3;11;20;9;11;13;0;20;16;16;11;3;2;19;3,285714286;10,6;12,42857143
 Parastrial nucleus (PS);37;8;62;58;51;32;68;206;139;151;55;0;125;233;161;154;24;97;103;45,14285714;110,2;128,1428571
 Periventricular hypothalamic nucleus  posterior part (PVp);15;83;174;12;101;83;308;523;215;394;209;0;88;670;157;105;66;0;130;110,8571429;268,2;173,7142857
 Subparaventricular zone (SBPV);104;123;176;16;55;176;401;602;15;49;400;0;300;466;23;100;236;0;285;150,1428571;213,2;201,4285714
 Suprachiasmatic nucleus (SCH);76;49;60;3;38;72;218;329;0;80;92;0;47;55;0;125;108;0;55;73,71428571;100,2;55,71428571
 Subfornical organ (SFO);NaN;NaN;NaN;NaN;NaN;NaN;NaN;NaN;NaN;NaN;NaN;NaN;NaN;NaN;NaN;NaN;NaN;NaN;NaN;#DZIEL/0!;#DZIEL/0!;#DZIEL/0!
 Ventrolateral preoptic nucleus (VLPO);28;14;18;33;116;19;46;190;36;136;34;0;25;150;102;131;30;64;18;39,14285714;79,2;74,28571429
 Anterior hypothalamic nucleus (AHN);1092;838;2227;903;932;1013;2472;5111;3325;4668;3318;0;3230;4644;2962;4919;2075;941;3306;1353,857143;3284,4;3153,857143
 Lateral mammillary nucleus (LM);48;12;3;21;124;1;101;156;93;26;75;0;83;170;131;33;29;68;74;44,28571429;70;84
 Medial mammillary nucleus (MM);433;270;285;233;749;194;1590;1990;1193;1312;494;0;1455;2943;722;664;333;50;1537;536,2857143;997,8;1100,571429
 Supramammillary nucleus (SUM);252;174;273;138;392;228;521;569;433;1423;415;0;1296;963;411;865;145;60;1427;282,5714286;568;738,1428571
 Tuberomammillary nucleus  dorsal part (TMd);3;3;29;0;19;10;43;55;0;42;20;0;42;80;0;28;20;0;41;15,28571429;23,4;30,14285714
 Tuberomammillary nucleus  ventral part (TMv);12;25;26;18;73;10;128;173;140;39;114;0;74;163;149;39;20;40;75;41,71428571;93,2;80
 Medial preoptic nucleus (MPN);142;109;457;62;78;164;769;1413;111;768;777;0;431;930;206;868;356;0;533;254,4285714;613,8;474,8571429
 Dorsal premammillary nucleus (PMd);72;81;92;62;260;111;282;335;313;559;188;0;401;446;293;314;149;12;432;137,1428571;279;292,4285714
 Ventral premammillary nucleus (PMv);28;75;98;64;174;48;380;635;570;222;289;0;205;728;396;210;151;21;271;123,8571429;343,2;283,1428571
 Ventromedial hypothalamic nucleus (VMH);440;392;326;186;1073;215;1668;3617;2473;1083;799;0;1323;3849;1231;1438;438;127;1154;614,2857143;1594,4;1365,714286
 Posterior hypothalamic nucleus (PH);811;919;1559;434;1874;1029;1435;1681;919;4131;1532;0;2543;2861;824;4233;869;142;2845;1151,571429;1652,6;2045,285714
 Lateral hypothalamic area (LHA);5662;3425;9955;6475;12017;3678;9494;18292;17389;24848;16085;0;17209;20034;20464;24565;6670;13728;17304;7243,714286;15322,8;17139,14286
 Lateral preoptic area (LPO);1712;899;3529;1793;1215;854;2590;6678;3276;6917;4979;0;2855;5948;5178;6238;1990;3184;3199;1798,857143;4370;4084,571429
 Preparasubthalamic nucleus (PST);34;12;17;36;122;14;32;45;47;132;26;0;81;73;76;151;7;65;81;38,14285714;50;76,28571429
 Parasubthalamic nucleus (PSTN);53;101;183;122;308;157;120;163;193;329;271;0;282;182;319;513;65;150;291;149,1428571;191,2;257,4285714
 Retrochiasmatic area (RCH);295;131;527;176;244;178;1231;2252;1200;619;277;0;314;480;1191;575;556;220;297;397,4285714;869,6;519
 Subthalamic nucleus (STN);647;128;232;433;1745;72;261;642;491;1078;483;0;705;649;1168;1235;432;1199;757;502,5714286;538,8;877,8571429
 Tuberal nucleus (TU);342;326;771;351;981;252;1454;3758;2510;976;796;0;568;2863;2288;1175;457;759;577;639,5714286;1608;1241
 Zona incerta (ZI);4308;1004;2613;3218;9134;809;2578;5109;6223;6003;4368;2562;5064;6479;8742;6548;3051;9029;5262;3380,571429;4853;6310,714286
 Fields of Forel (FF);143;28;97;69;263;43;114;147;237;123;205;0;229;211;335;153;114;261;252;108,1428571;142,4;222,1428571
 Nucleus of the lateral lemniscus (NLL);2776;337;2214;1117;5258;224;1140;2850;1838;6569;2191;2987;2460;220;4479;5925;859;3327;2102;1866,571429;3287;2767,428571
 Principal sensory nucleus of the trigeminal (PSV);1673;594;2614;1813;7089;399;1719;2828;2624;5367;1947;2271;418;579;4699;4398;1112;2328;359;2271,571429;3007,4;1984,714286
 Parabrachial nucleus (PB);1447;1060;2588;2470;3584;444;1310;3355;2870;5160;3464;6142;3183;363;4193;4310;792;5566;3448;1843,285714;4198,2;3122,142857
 Superior olivary complex  periolivary region (POR);298;66;248;33;1196;38;98;515;391;886;507;53;523;8;836;719;317;497;669;282,4285714;470,4;509,8571429
 Superior olivary complex  medial part (SOCm);478;41;415;115;1321;74;146;724;499;1474;860;0;1089;44;1002;1248;421;882;1371;370;711,4;865,2857143
 Superior olivary complex  lateral part (SOCl);573;141;617;218;1360;34;205;805;610;1830;1271;404;551;0;1283;1501;396;1095;348;449,7142857;984;739,1428571
 Barrington's nucleus (B);0;14;65;12;65;0;17;36;18;24;31;51;5;0;37;0;0;62;34;24,71428571;32;19,71428571
 Dorsal tegmental nucleus (DTN);49;7;155;2;323;9;93;70;105;226;8;51;116;67;0;59;9;0;103;91,14285714;92;50,57142857
 Pontine central gray (PCG);118;178;652;203;1359;63;280;600;445;930;659;783;237;121;362;152;13;393;417;407,5714286;683,4;242,1428571
 Pontine gray (PG);4055;2009;3480;2604;7172;1969;670;1036;1107;5892;3648;0;1223;1354;2281;5872;1346;2062;1875;3137;2336,6;2287,571429
 Supratrigeminal nucleus (SUT);246;76;392;441;723;87;251;616;492;1014;488;1267;548;26;956;708;157;1183;544;316,5714286;775,4;588,8571429
 Tegmental reticular nucleus (TRN);2790;1391;1347;1243;6216;602;1005;1483;1373;4127;2555;0;5434;748;1659;4426;1104;667;5716;2084,857143;1907,6;2822
 Motor nucleus of trigeminal (V);740;794;1005;932;3565;396;641;1389;1131;3300;1578;920;1251;1;1769;2292;619;1613;1079;1153,285714;1663,6;1232
 Superior central nucleus raphe (CS);585;226;756;32;2542;60;1319;995;913;3130;182;1;1498;2038;0;3030;859;0;1628;788,5714286;1044,2;1293,285714
 Laterodorsal tegmental nucleus (LDT);187;204;442;209;648;44;130;277;194;620;325;290;310;157;142;360;41;175;423;266,2857143;341,2;229,7142857
 Nucleus incertus (NI);13;25;72;20;397;6;89;107;128;260;125;46;24;8;9;16;0;10;60;88,85714286;133,2;18,14285714
 Pontine reticular nucleus (PRNr);5399;1872;6443;3044;16273;570;7814;12652;11695;19034;9764;2957;18836;1676;14551;18919;4435;6469;18042;5916,428571;11220,4;11846,85714
 Nucleus raphe pontis (RPO);10;26;14;0;189;6;49;3;24;172;0;11;6;30;0;53;1;0;25;42;42;16,42857143
 Subceruleus nucleus (SLC);53;20;232;84;251;24;51;120;110;322;172;167;92;8;197;180;5;269;136;102,1428571;178,2;126,7142857
 Sublaterodorsal nucleus (SLD);158;71;439;183;654;59;83;231;171;550;409;319;266;59;361;417;48;484;243;235,2857143;336;268,2857143
 Ventral cochlear nucleus (VCO);399;136;464;702;704;67;578;1148;962;844;471;56;14;965;1774;1192;78;731;29;435,7142857;696,2;683,2857143
 Nucleus of the trapezoid body (NTB);348;22;431;163;1152;58;105;662;509;1047;397;0;772;256;596;945;723;344;1129;325,5714286;523;680,7142857
 Facial motor nucleus (VII);NaN;NaN;NaN;NaN;NaN;NaN;NaN;NaN;NaN;NaN;NaN;NaN;NaN;NaN;NaN;NaN;NaN;NaN;NaN;#DZIEL/0!;#DZIEL/0!;#DZIEL/0!
 Accessory facial motor nucleus (ACVII);NaN;NaN;NaN;NaN;NaN;NaN;NaN;NaN;NaN;NaN;NaN;NaN;NaN;NaN;NaN;NaN;NaN;NaN;NaN;#DZIEL/0!;#DZIEL/0!;#DZIEL/0!
 Magnocellular reticular nucleus (MARN);NaN;NaN;NaN;NaN;NaN;NaN;NaN;NaN;NaN;NaN;NaN;NaN;NaN;NaN;NaN;NaN;NaN;NaN;NaN;#DZIEL/0!;#DZIEL/0!;#DZIEL/0!
 Claustrum (CLA);2234;889;2869;2885;2625;798;1491;2675;2332;4091;3673;872;2029;3859;3738;4644;2530;4262;2222;1970,142857;2728,6;3326,285714
 Endopiriform nucleus  dorsal part (EPd);9143;3738;12082;8408;12227;2729;7332;11261;12182;19991;14279;7191;5912;16533;16335;21156;6251;13169;6538;7951,285714;12980,8;12270,57143
 Endopiriform nucleus  ventral part (EPv);830;703;2195;1439;2130;332;2547;3695;3454;3109;2749;1053;1389;4101;4946;4001;1340;3344;1461;1453,714286;2812;2940,285714
 Lateral amygdalar nucleus (LA);1299;718;2574;1792;3204;783;2634;5049;4806;4772;3399;6072;1695;7174;5718;5594;1541;3681;1487;1857,714286;4819,6;3841,428571
 Basolateral amygdalar nucleus  anterior part (BLAa);1377;1341;2574;2218;4513;1044;3000;5072;5780;4087;3502;1316;2400;5864;6596;5777;1557;4926;2377;2295,285714;3951,4;4213,857143
 Basolateral amygdalar nucleus  posterior part (BLAp);549;1135;2233;1092;3534;492;2405;3636;4586;3569;4486;3707;2006;6236;7307;4360;925;4066;2167;1634,285714;3996,8;3866,714286
 Basolateral amygdalar nucleus  ventral part (BLAv);426;397;756;533;964;189;1081;1643;1773;1036;1216;280;370;2381;2564;1240;253;1589;459;620,8571429;1189,6;1265,142857
 Basomedial amygdalar nucleus (BMA);1300;1522;3209;2302;3799;982;3934;7073;7175;4338;5930;740;3034;9205;11649;4953;2145;6407;2991;2435,428571;5051,2;5769,142857
 Posterior amygdalar nucleus (PA);203;817;1094;245;903;171;898;1616;2071;1972;2280;273;1008;2001;3315;2145;310;1453;1015;618,7142857;1642,4;1606,714286
 Caudoputamen (CP);69060;23546;52923;85548;112224;23021;68296;127459;120774;82938;103820;28280;75266;184956;120630;83299;59390;138836;74049;62088,28571;92654,2;105203,7143
 Nucleus accumbens (ACB);7195;3686;7452;9660;8032;2972;14851;27761;22237;16986;17450;0;12256;40184;27876;17271;12135;19514;12651;7692,571429;16886,8;20269,57143
 Fundus of striatum (FS);800;262;956;1364;828;232;785;2550;1739;1904;1518;0;1135;3249;2396;1402;848;2833;1263;746,7142857;1542,2;1875,142857
 Olfactory tubercle (OT);2363;3557;9065;3323;15068;2294;11729;25923;15326;26212;13955;0;4334;27169;24661;25158;4217;8457;3523;6771,285714;16283,2;13931,28571
 Lateral septal nucleus  caudal (caudodorsal) part (LSc);804;880;1050;782;3521;826;2482;3322;2833;1992;3002;0;3962;4559;2905;979;469;1987;3993;1477,857143;2229,8;2693,428571
 Lateral septal nucleus  rostral (rostroventral) part (LSr);3908;2246;4831;2612;7233;3167;5947;9356;3576;11738;13721;0;10574;9909;7338;4801;4413;6922;10457;4277,714286;7678,2;7773,428571
 Lateral septal nucleus  ventral part (LSv);391;196;661;335;465;129;359;566;342;877;1044;0;600;588;483;799;241;644;645;362,2857143;565,8;571,4285714
 Septofimbrial nucleus (SF);307;170;902;299;1851;275;1003;1408;892;1407;2002;0;2003;1337;960;1214;370;927;1786;686,7142857;1141,8;1228,142857
 Septohippocampal nucleus (SH);NaN;NaN;NaN;NaN;NaN;NaN;NaN;NaN;NaN;NaN;NaN;NaN;NaN;NaN;NaN;NaN;NaN;NaN;NaN;#DZIEL/0!;#DZIEL/0!;#DZIEL/0!
 Striatum-like amygdalar nuclei (sAMY);249;422;805;500;959;269;726;1456;1301;1689;1076;45;667;1506;1894;1843;472;1252;692;561,4285714;1113,4;1189,428571
 Anterior amygdalar area (AAA);1129;637;1848;1649;2344;489;1522;3939;2635;4254;2578;0;1539;3927;5138;3911;1526;3297;1560;1374;2681,2;2985,428571
 Bed nucleus of the accessory olfactory tract (BA);92;106;325;202;70;54;160;432;327;254;413;0;175;485;613;522;203;399;134;144,1428571;285,2;361,5714286
 Central amygdalar nucleus (CEA);1904;1396;2699;3546;5691;1093;4227;7751;8143;7447;5066;1047;4494;8036;9875;7996;3013;6705;4744;2936,571429;5890,8;6409
 Intercalated amygdalar nucleus (IA);261;292;590;526;752;185;826;1395;1287;1201;952;45;523;1550;1961;1238;560;1139;576;490,2857143;976;1078,142857
 Medial amygdalar nucleus (MEA);1651;2636;4960;3690;4857;1655;3956;9069;7850;10377;10309;79;4541;9134;12556;11684;2805;9427;4199;3343,571429;7536,8;7763,714286
 Globus pallidus  external segment (GPe);5073;602;2646;6251;12281;562;3655;8052;6729;7112;3812;979;6700;9313;8852;6340;4525;10549;6725;4438,571429;5336,8;7572
 Globus pallidus  internal segment (GPi);1281;82;956;1359;2115;189;1133;2063;2383;2726;1484;11;2450;2542;2948;3070;1382;2914;2405;1016,428571;1733,4;2530,142857
 Substantia innominata (SI);5814;1617;7653;7592;10063;1270;7650;18672;14800;18681;11381;23;8610;21209;19612;16956;6363;15992;9370;5951,285714;12711,4;14016
 Magnocellular nucleus (MA);1253;281;1460;995;1357;106;667;2447;1279;3052;1687;0;894;2274;2910;2572;881;2541;912;874,1428571;1693;1854,857143
 Medial septal nucleus (MS);932;135;410;0;874;271;791;1018;0;1827;1405;0;1775;373;18;8;504;24;1753;487,5714286;850;636,4285714
 Diagonal band nucleus (NDB);1998;644;2278;1201;2721;357;2559;5296;1774;6034;3921;0;2116;4377;3458;4357;1996;1981;2170;1679,714286;3405;2922,142857
 Triangular nucleus of septum (TRS);135;53;646;132;1271;97;748;972;230;842;1289;0;1232;806;408;209;217;605;1418;440,2857143;666,6;699,2857143
 Bed nuclei of the stria terminalis (BST);3428;1485;4462;4069;5064;1269;4313;9865;8170;9861;9459;0;5319;11258;9715;9395;2571;8581;5951;3441,428571;7471;7541,428571
 Bed nucleus of the anterior commissure (BAC);37;15;20;26;31;1;42;49;47;73;58;0;28;71;61;50;20;49;46;24,57142857;45,4;46,42857143
 Superior colliculus  optic layer (SCop);2123;1283;1442;2159;3470;529;2265;4034;2458;6550;2635;6105;4819;1992;2842;5828;846;4323;4418;1895,857143;4356,4;3581,142857
 Superior colliculus  superficial gray layer (SCsg);2224;2379;2267;3632;8058;885;5430;9437;6510;13649;6967;16011;9400;3580;8050;15568;2997;8331;9081;3553,571429;10514,8;8143,857143
 Inferior colliculus (IC);10026;6619;11015;9816;27853;3637;6535;17386;13206;32714;16420;28564;33761;5092;21762;26232;4355;27305;31993;10785,85714;21658;21500
 Nucleus of the brachium of the inferior colliculus (NB);330;277;600;682;1255;232;287;491;541;1447;827;1797;965;588;818;1439;275;1310;985;523,2857143;1020,6;911,4285714
 Nucleus sagulum (SAG);179;136;305;215;525;28;344;519;440;1210;620;765;863;2;534;1057;69;679;993;247,4285714;710,8;599,5714286
 Parabigeminal nucleus (PBG);106;66;179;125;603;8;286;451;412;779;322;692;712;16;531;611;15;450;687;196,1428571;531,2;431,7142857
 Midbrain trigeminal nucleus (MEV);28;31;118;78;169;23;43;74;82;143;126;194;117;21;125;120;12;167;139;70;123,8;100,1428571
 Substantia nigra  reticular part (SNr);3787;848;4169;3511;8902;336;4139;6794;7466;12372;5150;2006;7344;7063;9126;11919;5034;8250;7400;3670,285714;6757,6;8019,428571
 Ventral tegmental area (VTA);1090;895;2580;822;4219;522;2235;3651;3321;5867;3330;0;4073;3666;3224;5858;2255;1379;4528;1766,142857;3233,8;3569
 Midbrain reticular nucleus (MRN);14522;4140;11406;14410;34397;2840;12302;21134;20563;28684;15548;15639;22235;13463;21776;32515;9294;29034;22174;13431;20313,6;21498,71429
 Superior colliculus  motor related  deep gray layer (SCdg);3515;958;2155;2264;9013;658;3625;6477;6934;6558;4050;10159;5781;1992;5989;6438;1899;8898;5415;3169,714286;6835,6;5201,714286
 Superior colliculus  motor related  deep white layer (SCdw);974;409;500;558;2010;265;895;1738;1621;1565;1192;1856;1290;623;1440;1768;630;1925;1292;801,5714286;1594,4;1281,142857
 Superior colliculus  motor related  intermediate white layer (SCiw);9591;2497;5865;6797;16598;1875;4870;9149;10268;16295;8656;24855;11990;4770;10985;15723;4287;17078;11095;6870,428571;13844,6;10846,85714
 Superior colliculus  motor related  intermediate gray layer (SCig);8714;3404;5912;6524;13822;1697;5811;8940;10160;17317;8853;25894;13305;6424;9722;16226;4020;15682;12286;6554,857143;14232,8;11095
 Periaqueductal gray (PAG);6920;6852;10415;3678;18562;4323;10143;14226;12297;30079;14114;13286;14650;12741;7850;27195;6650;9599;15728;8699;16800,4;13487,57143
 Precommissural nucleus (PRC);171;241;546;91;444;255;196;340;349;843;691;0;466;361;246;682;90;203;434;277,7142857;444,6;354,5714286
 Interstitial nucleus of Cajal (INC);212;59;101;14;444;13;130;221;143;233;131;0;289;245;8;309;161;0;257;139;145,6;181,2857143
 Nucleus of Darkschewitsch (ND);86;42;44;1;276;12;75;90;24;142;36;0;171;129;0;114;63;0;140;76,57142857;58,4;88,14285714
 Anterior pretectal nucleus (APN);4845;1073;3556;4460;8339;610;2287;4282;6164;8625;6103;5111;6054;5195;6163;8576;1897;8981;5660;3595,714286;6057;6075,142857
 Medial pretectal area (MPT);275;313;614;40;413;230;279;408;422;1068;590;0;930;545;174;725;192;253;816;309,1428571;497,6;519,2857143
 Nucleus of the optic tract (NOT);575;142;352;457;612;56;154;395;421;720;542;535;559;347;540;746;237;771;564;335,4285714;522,6;537,7142857
 Nucleus of the posterior commissure (NPC);707;585;1116;626;1710;312;479;829;1168;2103;1718;80;1188;1061;1122;1946;410;1334;1110;790,7142857;1179,6;1167,285714
 Olivary pretectal nucleus (OP);246;191;487;113;343;90;202;342;503;788;423;5;726;438;353;937;114;397;735;238,8571429;412,2;528,5714286
 Posterior pretectal nucleus (PPT);352;132;369;234;403;66;155;305;414;753;657;27;498;384;419;746;244;534;506;244,4285714;431,2;475,8571429
 Cuneiform nucleus (CUN);599;356;673;809;1477;301;725;1461;1206;2459;1125;2444;1454;292;1503;2544;373;1492;1566;705,7142857;1739;1317,714286
 Red nucleus (RN);3066;274;2194;2386;4901;299;1172;2524;2483;2110;1938;1265;2600;1565;2713;2888;2604;3695;2684;2041,714286;2064;2678,428571
 Oculomotor nucleus (III);NaN;NaN;NaN;NaN;NaN;NaN;NaN;NaN;NaN;NaN;NaN;NaN;NaN;NaN;NaN;NaN;NaN;NaN;NaN;#DZIEL/0!;#DZIEL/0!;#DZIEL/0!
 Trochlear nucleus (IV);22;3;8;0;40;5;18;10;10;73;0;0;16;17;0;66;2;0;58;13,71428571;18,6;22,71428571
 Ventral tegmental nucleus (VTN);184;23;125;4;332;8;59;85;127;312;36;23;26;160;0;350;86;0;14;105;116,6;90,85714286
 Anterior tegmental nucleus (AT);37;5;56;11;116;1;34;50;76;97;27;7;47;36;2;125;16;0;19;37,14285714;51,4;35
 Lateral terminal nucleus of the accessory optic tract (LT);18;9;9;28;50;3;12;24;29;58;29;25;39;23;36;41;38;39;51;18,42857143;33;38,14285714
 Substantia nigra  compact part (SNc);703;188;478;729;1375;57;454;827;792;1649;889;311;1148;888;1328;1700;781;1547;1132;569,1428571;893,6;1217,714286
 Pedunculopontine nucleus (PPN);1065;296;1193;1020;3314;192;1208;2410;2326;3843;1638;2429;3313;204;2861;3852;514;2592;3200;1184;2529,2;2362,285714
 Interfascicular nucleus raphe (IF);NaN;NaN;NaN;NaN;NaN;NaN;NaN;NaN;NaN;NaN;NaN;NaN;NaN;NaN;NaN;NaN;NaN;NaN;NaN;#DZIEL/0!;#DZIEL/0!;#DZIEL/0!
 Interpeduncular nucleus (IPN);172;83;263;15;710;47;461;494;195;1203;133;0;809;1313;0;1008;207;0;1014;250,1428571;405;621,5714286
 Central linear nucleus raphe (CLI);44;38;103;0;155;24;110;27;2;200;2;0;148;196;0;153;81;0;128;67,71428571;46,2;100,8571429
